training/actor/actor_loss,training/actor/adv,training/actor/bc_log_prob,training/actor/mse,training/actor/std,training/grad/max,training/grad/min,training/grad/norm,training/rep/critic_loss,training/rep/q_max,training/rep/q_mean,training/rep/q_min,training/rep/v_max,training/rep/v_mean,training/rep/v_min,training/rep/value_loss,training/value/avg_grad_est,training/value/avg_speed,training/value/boundary_loss,training/value/fk_loss,training/value/resistance,training/value/v_mean,training/value/value_loss,time/epoch_time,time/total_time,step
13.699471473693848,0.038168713450431824,-7.5027570724487305,0.037812117487192154,1.0,0.3850235342979431,-1.2546833753585815,43.16526794433594,0.8585559725761414,0.0,-2.2358784675598145,-4.199592590332031,-0.32796549797058105,-1.6673966646194458,-3.166330337524414,0.02707422710955143,0.6258774399757385,1.0,0.07631903141736984,0.07631903141736984,1.1898038387298584,-2.1971161365509033,0.2946132719516754,0.05903167176246643,59.03168058395386,1000
16.87019157409668,0.041148342192173004,-7.50922155380249,0.039428357034921646,1.0,2.0463762283325195,-2.0302088260650635,79.24256134033203,0.7931554317474365,0.0,-4.503318786621094,-8.667163848876953,0.13384968042373657,-3.938511610031128,-7.742579936981201,0.047694288194179535,0.7013337016105652,1.0,0.17285692691802979,0.17285692691802979,1.0903161764144897,-2.867863655090332,0.2876925468444824,0.025423364639282228,84.45505833625793,2000
17.654651641845703,0.053524911403656006,-7.4900383949279785,0.03463248535990715,1.0,7.609757423400879,-7.766861438751221,217.6846466064453,1.3484458923339844,0.0,-6.852319717407227,-13.270587921142578,0.16628539562225342,-6.340282440185547,-12.39300537109375,0.08381164073944092,0.7274540066719055,1.0,0.15832208096981049,0.15832208096981049,0.9514040946960449,-2.866652488708496,0.30474853515625,0.026402223348617554,110.85729026794434,3000
20.0004825592041,0.045508187264204025,-7.484138488769531,0.033157579600811005,1.0,0.7558366656303406,-0.7261866927146912,48.174560546875,0.6526512503623962,0.0,-9.141826629638672,-17.17119598388672,0.40245521068573,-8.614824295043945,-16.340198516845703,0.07650791853666306,0.7360497713088989,1.0,0.19115622341632843,0.19115622341632843,0.9134995341300964,-3.071782112121582,0.222907155752182,0.025723991632461547,136.5812907218933,4000
15.866169929504395,0.04496608301997185,-7.47556209564209,0.031013451516628265,1.0,5.035219669342041,-5.502898693084717,128.09945678710938,0.70945143699646,0.0,-10.556180953979492,-21.232250213623047,0.6073498129844666,-10.038595199584961,-20.467758178710938,0.07112210243940353,0.7412062883377075,1.0,0.17677393555641174,0.17677393555641174,0.7971681356430054,-2.835176944732666,0.21831980347633362,0.02562432050704956,162.20562410354614,5000
16.712543487548828,0.04774423688650131,-7.473613262176514,0.030526189133524895,1.0,2.6593480110168457,-2.3070449829101562,95.29788208007812,0.7506588101387024,0.0,-13.13829231262207,-25.076122283935547,0.9795337915420532,-12.703956604003906,-24.262510299682617,0.09152371436357498,0.7630872130393982,1.0,0.1762084811925888,0.1762084811925888,0.7121375203132629,-2.9926061630249023,0.2388744205236435,0.02953192949295044,191.73756289482117,6000
19.772979736328125,0.05155260115861893,-7.4563727378845215,0.02621615119278431,1.0,5.953601837158203,-6.957250118255615,173.21807861328125,0.95498126745224,2.0904011726379395,-13.70203685760498,-28.333580017089844,2.002870798110962,-13.328414916992188,-27.638580322265625,0.12549519538879395,0.7392258048057556,1.0,0.17503513395786285,0.17503513395786285,0.6134450435638428,-3.025228500366211,0.24095803499221802,0.024905966758728026,216.64353823661804,7000
17.78594398498535,0.0451829731464386,-7.453489303588867,0.025495203211903572,1.0,7.140997409820557,-6.0259809494018555,177.70213317871094,2.0456936359405518,2.9713613986968994,-15.350448608398438,-32.83556365966797,3.593963384628296,-14.94405460357666,-32.175498962402344,0.18818794190883636,0.7511805891990662,1.0,0.17065250873565674,0.17065250873565674,0.5842373371124268,-2.930285930633545,0.299085795879364,0.024264585494995116,240.90813302993774,8000
21.12949562072754,0.042708005756139755,-7.481022357940674,0.03237859159708023,1.0,20.893367767333984,-22.04254150390625,514.9347534179688,1.9751052856445312,2.52538800239563,-16.983585357666016,-35.960899353027344,3.6853654384613037,-16.52083969116211,-35.527496337890625,0.2636244595050812,0.7787643671035767,1.0,0.2122059166431427,0.2122059166431427,0.6433603763580322,-3.0915660858154297,0.23140612244606018,0.025589604377746582,266.49774646759033,9000
18.79812240600586,0.04910488426685333,-7.4577531814575195,0.02656126208603382,1.0,9.73476505279541,-8.979538917541504,240.84230041503906,1.2054396867752075,3.32413911819458,-17.48687171936035,-38.690040588378906,5.046875953674316,-17.03558921813965,-39.7237663269043,0.23511368036270142,0.7739548683166504,1.0,0.18717896938323975,0.18717896938323975,0.6109195351600647,-3.1551260948181152,0.20891523361206055,0.025007451534271242,291.50520730018616,10000
16.825958251953125,0.04673882573843002,-7.4529008865356445,0.02534811943769455,1.0,20.488967895507812,-19.409942626953125,474.3812561035156,2.1627278327941895,3.82814884185791,-18.04410171508789,-42.94411087036133,5.477863788604736,-17.686594009399414,-43.21284103393555,0.36266958713531494,0.7809228897094727,1.0,0.18990926444530487,0.18990926444530487,0.5134937763214111,-2.783301830291748,0.21671684086322784,0.02525177812576294,316.75699496269226,11000
16.115707397460938,0.03938713297247887,-7.4456000328063965,0.02352297492325306,1.0,12.055731773376465,-11.536384582519531,320.9075622558594,1.5810222625732422,5.726381301879883,-19.45783805847168,-45.24695587158203,6.622403144836426,-19.19517707824707,-47.12474060058594,0.384521484375,0.7538931965827942,1.0,0.18378961086273193,0.18378961086273193,0.5729255676269531,-3.0750322341918945,0.24106687307357788,0.02449116849899292,341.2481722831726,12000
22.02001953125,0.05513929948210716,-7.435417652130127,0.02097737230360508,1.0,10.988290786743164,-11.792704582214355,358.86260986328125,1.6505992412567139,6.599376201629639,-20.543994903564453,-49.49851989746094,5.901092529296875,-20.132274627685547,-47.28281021118164,0.3996496796607971,0.7984893918037415,1.0,0.1892491728067398,0.1892491728067398,0.5797364711761475,-3.178770065307617,0.5299862027168274,0.025431975841522216,366.68015480041504,13000
18.686195373535156,0.049215011298656464,-7.461143493652344,0.027408823370933533,1.0,50.24688720703125,-54.43635177612305,1087.20556640625,12.897272109985352,5.120602130889893,-21.286640167236328,-51.37093734741211,6.931028366088867,-21.06048011779785,-50.11125946044922,0.4287879765033722,0.8135749101638794,1.0,0.2021469622850418,0.2021469622850418,0.5682984590530396,-3.046505928039551,0.1961572766304016,0.02494791603088379,391.6280794143677,14000
18.89082908630371,0.04974346235394478,-7.454037666320801,0.025632446631789207,1.0,35.78763198852539,-33.25606155395508,559.5126953125,1.7948977947235107,5.557568550109863,-21.18915557861328,-52.4114875793457,6.536050319671631,-20.84125518798828,-52.147056579589844,0.31399187445640564,0.7910165190696716,1.0,0.1761222630739212,0.1761222630739212,0.6284719705581665,-3.1066436767578125,0.24700713157653809,0.024708874702453615,416.3369629383087,15000
15.549842834472656,0.05050257593393326,-7.420928955078125,0.017355192452669144,1.0,28.30949592590332,-26.584320068359375,552.4649658203125,1.6348905563354492,6.117430686950684,-21.694074630737305,-57.380218505859375,7.2724289894104,-21.303720474243164,-56.809139251708984,0.33766478300094604,0.8151178359985352,1.0,0.19748623669147491,0.19748623669147491,0.5099839568138123,-3.115065574645996,0.22589531540870667,0.024710066318511963,441.04703760147095,16000
19.437936782836914,0.05741322785615921,-7.4347920417785645,0.020820964127779007,1.0,12.696272850036621,-13.564141273498535,370.70135498046875,1.789324164390564,6.710107803344727,-23.427669525146484,-57.83717727661133,8.082996368408203,-23.192096710205078,-57.80451202392578,0.3062469959259033,0.803043782711029,1.0,0.2031421959400177,0.2031421959400177,0.5754483938217163,-3.2466864585876465,0.24035033583641052,0.02470491313934326,465.75195932388306,17000
18.560531616210938,0.05454842373728752,-7.426804542541504,0.018824130296707153,1.0,48.3800163269043,-45.50803756713867,793.7548217773438,3.6646292209625244,6.327858924865723,-23.445083618164062,-61.02103042602539,7.735530376434326,-23.067157745361328,-60.50186538696289,0.6995604634284973,0.8092023730278015,1.0,0.1968616098165512,0.1968616098165512,0.5265183448791504,-3.1484217643737793,0.25335752964019775,0.024694242477416993,490.44621109962463,18000
19.470993041992188,0.05789705738425255,-7.4274749755859375,0.018991636112332344,1.0,20.365869522094727,-20.042078018188477,651.5962524414062,2.3010525703430176,5.591707706451416,-23.34703254699707,-62.194602966308594,7.4002366065979,-23.017927169799805,-63.06327819824219,0.5159696936607361,0.7913067936897278,1.0,0.18405619263648987,0.18405619263648987,0.528098464012146,-3.2081408500671387,0.22385334968566895,0.02466403079032898,515.1102509498596,19000
22.177175521850586,0.05764596164226532,-7.48197078704834,0.03261569142341614,1.0,34.79808807373047,-35.696128845214844,855.8250122070312,8.165406227111816,9.72491455078125,-22.591224670410156,-67.63992309570312,9.474966049194336,-22.26007652282715,-64.66230773925781,1.8391880989074707,0.8450039029121399,1.0,0.24832987785339355,0.24832987785339355,0.5038894414901733,-2.957528591156006,0.24554935097694397,0.02471247911453247,539.8227381706238,20000
16.759883880615234,0.055027350783348083,-7.429999828338623,0.019622933119535446,1.0,22.904613494873047,-23.45463752746582,457.50506591796875,1.978437066078186,4.873333930969238,-23.886764526367188,-67.07333374023438,5.820309638977051,-23.580900192260742,-67.05086517333984,0.40771275758743286,0.8027135729789734,1.0,0.2008737176656723,0.2008737176656723,0.5049252510070801,-3.1580514907836914,0.25833237171173096,0.024712702035903932,564.5354487895966,21000
17.769039154052734,0.053095780313014984,-7.437572479248047,0.021516181528568268,1.0,15.75665283203125,-18.399093627929688,550.7529296875,2.232731819152832,6.007848262786865,-23.703659057617188,-73.97728729248047,7.139716148376465,-23.44803237915039,-71.79234313964844,0.4421820044517517,0.8022713661193848,1.0,0.2092212289571762,0.2092212289571762,0.5402895212173462,-3.0517640113830566,0.2344682514667511,0.024702612161636352,589.2380700111389,22000
16.99578857421875,0.040744610130786896,-7.447544574737549,0.024009088054299355,1.0,21.708314895629883,-19.244579315185547,538.6361083984375,2.3269240856170654,6.502480983734131,-23.913394927978516,-74.86968994140625,7.524377822875977,-23.660926818847656,-74.15397644042969,0.7027478218078613,0.8435492515563965,1.0,0.217632457613945,0.217632457613945,0.5662792921066284,-2.8808696269989014,0.26283925771713257,0.024701215028762817,613.9392936229706,23000
18.753454208374023,0.04647393524646759,-7.433341979980469,0.020458590239286423,1.0,16.87795066833496,-18.23871612548828,504.9753112792969,3.2626161575317383,7.992044448852539,-23.273834228515625,-75.59065246582031,9.068992614746094,-22.941486358642578,-75.0953369140625,0.509894609451294,0.851247251033783,1.0,0.21730966866016388,0.21730966866016388,0.6411986351013184,-2.9461894035339355,0.2558531165122986,0.024687661170959472,638.6269676685333,24000
17.00118064880371,0.04610950127243996,-7.431479454040527,0.019992869347333908,1.0,101.13217163085938,-118.18771362304688,1802.3616943359375,4.8006439208984375,4.684532642364502,-24.96234130859375,-76.23422241210938,5.966634273529053,-24.765138626098633,-75.99554443359375,0.4536822438240051,0.8506743311882019,1.0,0.210188627243042,0.210188627243042,0.6142324805259705,-3.0257809162139893,0.2533111870288849,0.0246886191368103,663.3155958652496,25000
17.909122467041016,0.05569886416196823,-7.457777500152588,0.02656733989715576,1.0,15.102311134338379,-14.517982482910156,492.82794189453125,3.5110623836517334,11.743999481201172,-24.160133361816406,-78.8895492553711,13.350370407104492,-23.48073959350586,-78.67631530761719,0.9953020215034485,0.8410717844963074,1.0,0.2100244015455246,0.2100244015455246,0.5727617740631104,-3.0930514335632324,0.24421215057373047,0.024873507499694823,688.189112663269,26000
17.301464080810547,0.04851321876049042,-7.412566184997559,0.01526438258588314,1.0,14.009980201721191,-15.492840766906738,448.2273864746094,2.444999933242798,5.98664665222168,-24.56873893737793,-80.09011840820312,7.674022674560547,-24.265827178955078,-82.59112548828125,0.6617088913917542,0.7902012467384338,1.0,0.20353804528713226,0.20353804528713226,0.573764443397522,-3.152153730392456,0.2238740622997284,0.024621224641799926,712.810346364975,27000
17.79322052001953,0.04637420177459717,-7.435677528381348,0.021042287349700928,1.0,35.06190490722656,-41.84074401855469,813.7034301757812,3.5137362480163574,7.183738708496094,-24.318378448486328,-81.89550018310547,9.444765090942383,-24.000375747680664,-82.87653350830078,0.5545732975006104,0.8419979214668274,1.0,0.20076361298561096,0.20076361298561096,0.6158287525177002,-3.030742645263672,0.21936537325382233,0.02463038945198059,737.4407455921173,28000
21.36688232421875,0.05352729558944702,-7.449145317077637,0.02440924011170864,1.0,100.87957000732422,-103.23086547851562,2217.76025390625,6.222161293029785,6.474681377410889,-24.34857940673828,-84.93558502197266,7.882443428039551,-24.088272094726562,-84.98870849609375,0.9587651491165161,0.805738091468811,1.0,0.20640556514263153,0.20640556514263153,0.4766746163368225,-3.057143211364746,0.268893301486969,0.024627601623535156,762.0683569908142,29000
19.34349822998047,0.049793992191553116,-7.4375810623168945,0.02151814103126526,1.0,14.880002975463867,-15.494998931884766,761.6387329101562,3.471160411834717,7.440425872802734,-25.732223510742188,-89.94318389892578,7.867440223693848,-25.51654815673828,-87.82011413574219,0.7404153347015381,0.8149303793907166,1.0,0.19399140775203705,0.19399140775203705,0.5441840291023254,-3.185133457183838,0.286703884601593,0.0245935959815979,786.6619622707367,30000
16.878021240234375,0.034704841673374176,-7.43501091003418,0.020875748246908188,1.0,18.185558319091797,-16.235034942626953,507.12567138671875,1.6222069263458252,8.847944259643555,-25.800334930419922,-88.95037078857422,12.013237953186035,-25.508014678955078,-85.72852325439453,0.5426673293113708,0.7751253247261047,1.0,0.2023920863866806,0.2023920863866806,0.605698823928833,-3.1892271041870117,0.2453402727842331,0.02546272563934326,812.1246984004974,31000
17.396944046020508,0.04834769666194916,-7.425861835479736,0.018588414415717125,1.0,47.17364501953125,-44.067955017089844,1165.866455078125,3.2219414710998535,9.427924156188965,-27.340065002441406,-87.0668716430664,12.204273223876953,-26.993141174316406,-88.22085571289062,0.8830445408821106,0.8717392086982727,1.0,0.2302732914686203,0.2302732914686203,0.6847293376922607,-3.2666678428649902,0.20988942682743073,0.025376126527786255,837.5008475780487,32000
20.068880081176758,0.06054985895752907,-7.426883220672607,0.018843814730644226,1.0,27.859811782836914,-24.037439346313477,535.0740966796875,2.7831082344055176,7.054535865783691,-25.288822174072266,-92.05812072753906,9.49174690246582,-24.98595428466797,-92.8031234741211,0.43163126707077026,0.8073905110359192,1.0,0.19886241853237152,0.19886241853237152,0.7058523893356323,-3.0368268489837646,0.23341792821884155,0.025887718439102172,863.3885746002197,33000
19.590932846069336,0.06176222488284111,-7.425980567932129,0.018618144094944,1.0,21.969379425048828,-21.63519859313965,793.4014282226562,3.569589853286743,8.674126625061035,-24.93285369873047,-85.66886138916016,9.054935455322266,-24.72366714477539,-85.52410125732422,0.6102041602134705,0.8549831509590149,1.0,0.21696773171424866,0.21696773171424866,0.6627418994903564,-3.0474300384521484,0.20458564162254333,0.025801829814910887,889.190413236618,34000
20.390270233154297,0.05293511599302292,-7.420246124267578,0.01718454249203205,1.0,19.928979873657227,-17.481321334838867,375.08831787109375,1.7342432737350464,7.193215370178223,-24.01433563232422,-87.05841064453125,9.280929565429688,-23.723358154296875,-86.47537231445312,0.4358205497264862,0.8233926892280579,1.0,0.20185819268226624,0.20185819268226624,0.8218793869018555,-3.0950112342834473,0.24050885438919067,0.02462398147583008,913.8144061565399,35000
17.97696876525879,0.05251274257898331,-7.421815872192383,0.017576968297362328,1.0,9.065914154052734,-10.147716522216797,409.11187744140625,1.891268253326416,5.606115818023682,-27.142539978027344,-90.7984848022461,6.85343599319458,-26.937931060791016,-91.06678771972656,0.5495733618736267,0.8395973443984985,1.0,0.21749332547187805,0.21749332547187805,0.7468323111534119,-3.103999614715576,0.20778226852416992,0.02544838309288025,939.2627968788147,36000
18.779308319091797,0.05316954106092453,-7.428531646728516,0.019255846738815308,1.0,12.34615707397461,-13.846290588378906,434.468017578125,2.1951427459716797,8.054140090942383,-27.51396942138672,-97.58914947509766,9.118404388427734,-27.24665069580078,-97.42118835449219,0.4785839319229126,0.862360417842865,1.0,0.2267441600561142,0.2267441600561142,0.7415517568588257,-3.2353529930114746,0.23927414417266846,0.02530665922164917,964.5694649219513,37000
16.870811462402344,0.04900066927075386,-7.424696922302246,0.018297255039215088,1.0,16.3144474029541,-12.724726676940918,408.89495849609375,1.7557659149169922,5.392712116241455,-26.90177345275879,-98.53243255615234,7.16179895401001,-26.771129608154297,-98.65266418457031,0.3777481019496918,0.8677882552146912,1.0,0.21789152920246124,0.21789152920246124,0.7987648248672485,-3.053417682647705,0.24178774654865265,0.026544623613357545,991.1140978336334,38000
17.26369857788086,0.04700731113553047,-7.431486129760742,0.019994502887129784,1.0,25.58560562133789,-28.566007614135742,620.9664306640625,1.9535744190216064,9.511554718017578,-25.394699096679688,-91.95954132080078,9.653411865234375,-25.131061553955078,-91.67591857910156,0.6165385842323303,0.8379621505737305,1.0,0.2333528995513916,0.2333528995513916,0.5969957113265991,-2.937032699584961,0.21686628460884094,0.025693960428237916,1016.8080687522888,39000
17.118221282958984,0.05050720274448395,-7.4319257736206055,0.02010437846183777,1.0,75.4948501586914,-82.081787109375,1570.487060546875,5.125091552734375,9.214794158935547,-26.31926918029785,-96.79524993896484,10.74211597442627,-26.02397918701172,-93.05359649658203,0.88402259349823,0.8464765548706055,1.0,0.22672109305858612,0.22672109305858612,0.5881917476654053,-2.9394311904907227,0.25762176513671875,0.025970091342926025,1042.778168439865,40000
16.09884262084961,0.04390096664428711,-7.428892612457275,0.019346080720424652,1.0,41.86832809448242,-47.873291015625,839.8642578125,3.4456233978271484,7.005123138427734,-27.415224075317383,-98.61958312988281,7.438719749450684,-27.080657958984375,-98.64458465576172,0.8206928968429565,0.8247814178466797,1.0,0.2030085176229477,0.2030085176229477,0.5901386737823486,-3.128220558166504,0.25986844301223755,0.025366589546203612,1068.1447668075562,41000
21.59949493408203,0.061533428728580475,-7.423993110656738,0.01812118850648403,1.0,56.21897506713867,-53.030094146728516,1191.5413818359375,4.93748140335083,6.547992706298828,-28.432405471801758,-96.09453582763672,6.486066818237305,-28.151281356811523,-98.73759460449219,0.5832076072692871,0.816602885723114,1.0,0.2247629463672638,0.2247629463672638,0.5832347869873047,-3.034940719604492,0.23166516423225403,0.025694218635559082,1093.8389978408813,42000
18.62179946899414,0.05256330594420433,-7.440003871917725,0.02212401106953621,1.0,15.09224796295166,-15.134756088256836,566.0076293945312,2.1528782844543457,7.588509559631348,-28.630619049072266,-97.77363586425781,7.776115417480469,-28.328763961791992,-97.63381958007812,0.7247036695480347,0.8490095138549805,1.0,0.1995091289281845,0.1995091289281845,0.5464720726013184,-2.9957330226898193,0.22298339009284973,0.02555913972854614,1119.3981471061707,43000
19.559345245361328,0.03568623960018158,-7.425652027130127,0.018535956740379333,1.0,10.453648567199707,-9.929896354675293,288.33544921875,1.6504924297332764,8.919054985046387,-27.003772735595703,-97.73121643066406,10.206568717956543,-26.61137580871582,-97.5277099609375,0.5857141017913818,0.8442808389663696,1.0,0.22384123504161835,0.22384123504161835,0.7283226251602173,-3.059845447540283,0.35135048627853394,0.02621744465827942,1145.615600824356,44000
17.485719680786133,0.04517284780740738,-7.433382987976074,0.02046870067715645,1.0,26.244338989257812,-30.730443954467773,587.980224609375,7.401308536529541,10.766947746276855,-28.76474380493164,-103.64324188232422,13.205604553222656,-28.430553436279297,-102.96258544921875,1.6777998208999634,0.8305582404136658,1.0,0.23901338875293732,0.23901338875293732,0.6363280415534973,-3.2415175437927246,0.2345949113368988,0.026249506950378417,1171.8651206493378,45000
18.948347091674805,0.04700255021452904,-7.426562309265137,0.018763422966003418,1.0,20.934242248535156,-18.433055877685547,525.2882080078125,2.0317625999450684,7.118616104125977,-29.23946762084961,-98.02552032470703,7.490699768066406,-28.968172073364258,-97.3934097290039,0.5102477073669434,0.8212253451347351,1.0,0.2053779810667038,0.2053779810667038,0.6662782430648804,-3.2604432106018066,0.21996474266052246,0.025261766910552978,1197.1268961429596,46000
20.112293243408203,0.0555729903280735,-7.423505783081055,0.01799950748682022,1.0,18.791027069091797,-16.217933654785156,363.7438659667969,2.0666050910949707,10.911797523498535,-28.756311416625977,-97.81289672851562,10.19361686706543,-28.48227882385254,-97.47515869140625,0.48484721779823303,0.831633985042572,1.0,0.19257178902626038,0.19257178902626038,0.5932183265686035,-3.319185256958008,0.22875171899795532,0.02591403555870056,1223.0409412384033,47000
19.676738739013672,0.058301106095314026,-7.429737091064453,0.019557222723960876,1.0,15.415873527526855,-14.193143844604492,497.5730285644531,1.8729575872421265,6.690121650695801,-28.62502670288086,-97.64990997314453,7.822019100189209,-28.411109924316406,-97.9770278930664,0.42151105403900146,0.8819678425788879,1.0,0.22088424861431122,0.22088424861431122,0.5319926142692566,-3.3006744384765625,0.21150903403759003,0.025019723892211913,1248.0606741905212,48000
21.148317337036133,0.061637505888938904,-7.452176570892334,0.025167103856801987,1.0,52.40213394165039,-51.20731735229492,1386.840576171875,11.411811828613281,7.4575395584106445,-27.762372970581055,-98.78842163085938,9.70361042022705,-27.469364166259766,-98.69456481933594,1.7465875148773193,0.8301447033882141,1.0,0.21928171813488007,0.21928171813488007,0.609616219997406,-3.06231951713562,0.2243724763393402,0.024058215141296385,1272.1188979148865,49000
16.432912826538086,0.051123056560754776,-7.430069923400879,0.01964038982987404,1.0,12.233095169067383,-11.65376091003418,584.3306884765625,2.603379726409912,10.550799369812012,-28.22698211669922,-105.57979583740234,9.237030029296875,-27.96454620361328,-99.3024673461914,0.5989721417427063,0.8609024286270142,1.0,0.22863812744617462,0.22863812744617462,0.593837559223175,-3.041248083114624,0.21463777124881744,0.024149893283843996,1296.2687997817993,50000
14.922639846801758,0.04870816320180893,-7.416292190551758,0.016195915639400482,1.0,20.95958137512207,-23.729543685913086,535.7569580078125,2.1956429481506348,9.779776573181152,-27.27175521850586,-99.89772033691406,10.399965286254883,-26.956951141357422,-99.83467102050781,0.7480833530426025,0.8451952934265137,1.0,0.19039218127727509,0.19039218127727509,0.573666512966156,-3.0861759185791016,0.21674346923828125,0.024359257221221925,1320.628066778183,51000
17.6425724029541,0.046918973326683044,-7.439309120178223,0.02195020392537117,1.0,29.807966232299805,-24.744768142700195,800.9202880859375,5.809230804443359,11.788166046142578,-28.519290924072266,-103.62523651123047,13.811025619506836,-28.316089630126953,-103.40766906738281,1.3810596466064453,0.798428475856781,1.0,0.21218453347682953,0.21218453347682953,0.5284750461578369,-3.087043523788452,0.2752985656261444,0.02414332389831543,1344.7713994979858,52000
17.333694458007812,0.04780592396855354,-7.42755126953125,0.019010767340660095,1.0,27.74085807800293,-22.234695434570312,877.157958984375,2.9403328895568848,7.877950668334961,-30.32431983947754,-105.86115264892578,8.677549362182617,-30.20013427734375,-105.20172119140625,0.7023278474807739,0.863675057888031,1.0,0.2102854698896408,0.2102854698896408,0.536512017250061,-3.1168298721313477,0.21578538417816162,0.024141072750091554,1368.9124805927277,53000
18.7213077545166,0.05315491557121277,-7.4606828689575195,0.02729356475174427,1.0,70.25799560546875,-58.712623596191406,1188.193603515625,19.679908752441406,18.130739212036133,-28.464921951293945,-100.8578109741211,16.304868698120117,-28.105222702026367,-101.35609436035156,3.5958406925201416,0.8490356802940369,1.0,0.21126151084899902,0.21126151084899902,0.6481969952583313,-3.089940309524536,0.21254706382751465,0.02413249063491821,1393.0449795722961,54000
16.0262451171875,0.03896656632423401,-7.427888870239258,0.01909518428146839,1.0,9.982234954833984,-10.431547164916992,321.9190673828125,1.7191115617752075,12.39187240600586,-30.384843826293945,-99.65374755859375,10.479641914367676,-30.11907958984375,-100.24117279052734,0.5164973735809326,0.8346237540245056,1.0,0.1964440792798996,0.1964440792798996,0.6461566686630249,-3.0879664421081543,0.22317710518836975,0.024143372297286986,1417.188360452652,55000
17.015522003173828,0.047507137060165405,-7.421442985534668,0.01748373731970787,1.0,22.311376571655273,-23.48725700378418,506.9925537109375,2.3336286544799805,8.422139167785645,-28.668790817260742,-102.10449981689453,9.157979965209961,-28.39203453063965,-101.76193237304688,0.5703873634338379,0.8570100665092468,1.0,0.19862817227840424,0.19862817227840424,0.5834434032440186,-2.911985158920288,0.30371445417404175,0.024154787063598634,1441.3431558609009,56000
20.774822235107422,0.06041332706809044,-7.424483776092529,0.01824389025568962,1.0,11.750900268554688,-14.719978332519531,501.9989318847656,11.702313423156738,8.402185440063477,-29.800508499145508,-102.88574981689453,9.533650398254395,-29.466337203979492,-102.78045654296875,0.5986781120300293,0.8997865915298462,1.0,0.23479974269866943,0.23479974269866943,0.5764989852905273,-3.028637647628784,0.3159427046775818,0.0241335654258728,1465.476730108261,57000
17.17401123046875,0.040136974304914474,-7.441527843475342,0.022504910826683044,1.0,19.863704681396484,-16.23903465270996,558.7710571289062,1.8870463371276855,9.494135856628418,-27.562013626098633,-102.48089599609375,10.527356147766113,-27.278907775878906,-101.76187896728516,0.4195462465286255,0.8414269685745239,1.0,0.21353283524513245,0.21353283524513245,0.5657799243927002,-3.0641047954559326,0.2819182276725769,0.02414115238189697,1489.617891550064,58000
16.169708251953125,0.042314328253269196,-7.4190802574157715,0.016893034800887108,1.0,36.51536560058594,-34.54191589355469,746.1876831054688,3.0896711349487305,6.66196346282959,-31.659170150756836,-102.86283874511719,7.90620231628418,-31.466344833374023,-103.38387298583984,0.6420444846153259,0.8991497159004211,1.0,0.2221868485212326,0.2221868485212326,0.625403881072998,-3.2640585899353027,0.21631035208702087,0.02413413119316101,1513.752031803131,59000
22.078113555908203,0.05472578480839729,-7.40822696685791,0.014179683290421963,1.0,12.273887634277344,-14.90765380859375,449.52813720703125,2.093876361846924,7.535926818847656,-31.88460922241211,-104.93399810791016,10.264970779418945,-31.682029724121094,-106.64833068847656,0.5025066137313843,0.8916420340538025,1.0,0.21870949864387512,0.21870949864387512,0.6617385149002075,-3.2477571964263916,0.22017452120780945,0.024147880792617798,1537.8999214172363,60000
19.74184799194336,0.055575892329216,-7.422641754150391,0.017783446237444878,1.0,22.51763916015625,-18.544973373413086,688.0635375976562,2.7419676780700684,7.591923713684082,-31.225919723510742,-104.52794647216797,9.409597396850586,-31.044551849365234,-104.81269836425781,0.5408787727355957,0.8269720077514648,1.0,0.22239919006824493,0.22239919006824493,0.635873019695282,-3.1825225353240967,0.24031174182891846,0.024160803079605102,1562.0607333183289,61000
21.932254791259766,0.06378109753131866,-7.394404411315918,0.010723995044827461,1.0,49.735321044921875,-44.00410842895508,1335.529541015625,2.888953447341919,9.534736633300781,-29.913583755493164,-109.17535400390625,11.019689559936523,-29.688383102416992,-108.1366958618164,1.060655117034912,0.881761372089386,1.0,0.2010544389486313,0.2010544389486313,0.5927616357803345,-3.1191463470458984,0.24043753743171692,0.024152512073516846,1586.2132532596588,62000
18.687725067138672,0.04528454691171646,-7.439608573913574,0.02202514186501503,1.0,28.71210289001465,-33.267642974853516,462.37005615234375,1.871485948562622,10.380026817321777,-29.646533966064453,-107.07697296142578,11.867862701416016,-29.42635154724121,-107.15098571777344,0.6056493520736694,0.8577160239219666,1.0,0.18898482620716095,0.18898482620716095,0.5781984329223633,-3.0141687393188477,0.24063019454479218,0.02415350651741028,1610.366768836975,63000
16.802499771118164,0.055936530232429504,-7.4314775466918945,0.019992412999272346,1.0,33.008052825927734,-28.752967834472656,577.19873046875,2.2222886085510254,10.258039474487305,-29.70469856262207,-115.06391143798828,11.017407417297363,-29.388301849365234,-115.21607208251953,0.6073832511901855,0.8172023892402649,1.0,0.18129251897335052,0.18129251897335052,0.6272701621055603,-3.189707040786743,0.2813565731048584,0.024141770839691164,1634.5085484981537,64000
17.695606231689453,0.043990619480609894,-7.4156317710876465,0.016030943021178246,1.0,139.4704132080078,-128.55934143066406,2409.178955078125,9.879402160644531,8.805704116821289,-31.896329879760742,-110.21412658691406,9.918766975402832,-31.632789611816406,-111.9052734375,0.657252311706543,0.8716537356376648,1.0,0.21724282205104828,0.21724282205104828,0.6261782646179199,-3.193389415740967,0.242936909198761,0.02413933324813843,1658.6478908061981,65000
19.51957130432129,0.05426979437470436,-7.419589996337891,0.017020393162965775,1.0,27.499998092651367,-25.632808685302734,597.7495727539062,3.1352081298828125,9.417512893676758,-30.828567504882812,-113.5707778930664,9.667804718017578,-30.646854400634766,-113.70785522460938,0.5584708452224731,0.8663873672485352,1.0,0.3039053678512573,0.3039053678512573,0.6262375116348267,-3.2640275955200195,0.20301830768585205,0.02415608048439026,1682.8039796352386,66000
21.88530731201172,0.05585862696170807,-7.427349090576172,0.018960310146212578,1.0,45.0740852355957,-52.38608932495117,968.7999267578125,3.3048551082611084,9.143731117248535,-30.819137573242188,-109.65094757080078,9.846992492675781,-30.65213394165039,-108.84339141845703,0.6592972874641418,0.8749737739562988,1.0,0.21951447427272797,0.21951447427272797,0.6478290557861328,-3.234280586242676,0.2652167081832886,0.024146080493927,1706.950068950653,67000
19.063350677490234,0.05330682545900345,-7.440606117248535,0.02227453701198101,1.0,44.17655944824219,-44.31773376464844,1388.129638671875,12.626219749450684,8.973546981811523,-29.568628311157227,-110.08501434326172,10.017416000366211,-29.30272674560547,-109.95146179199219,2.6208648681640625,0.9009794592857361,1.0,0.23824229836463928,0.23824229836463928,0.7740294933319092,-2.984790325164795,0.17527024447917938,0.024144009113311767,1731.0940866470337,68000
16.81533432006836,0.04647000506520271,-7.419162750244141,0.016913678497076035,1.0,52.84593200683594,-51.21464920043945,1061.5330810546875,3.3457703590393066,10.314517974853516,-29.089508056640625,-106.36424255371094,10.863432884216309,-28.89328384399414,-106.43489074707031,0.5465315580368042,0.8754923939704895,1.0,0.4051707684993744,0.4051707684993744,0.560051441192627,-3.056180953979492,0.8333581686019897,0.02415877437591553,1755.2528715133667,69000
19.024417877197266,0.05462903529405594,-7.410757064819336,0.014812282286584377,1.0,35.80329132080078,-36.26700973510742,772.446533203125,4.306368350982666,11.330121994018555,-31.72888946533203,-110.45217895507812,11.898832321166992,-31.59453010559082,-112.21676635742188,0.397577702999115,0.8945586085319519,1.0,0.2542978823184967,0.2542978823184967,0.6602602005004883,-3.2139546871185303,0.2364753782749176,0.0241439790725708,1779.3968586921692,70000
21.73834228515625,0.060054030269384384,-7.426694869995117,0.01879674568772316,1.0,230.79306030273438,-235.9970703125,2843.43994140625,31.257038116455078,10.503376960754395,-31.103622436523438,-114.494873046875,9.913423538208008,-30.96689224243164,-115.09296417236328,0.40831485390663147,0.8920688033103943,1.0,0.2197747677564621,0.2197747677564621,0.6563498377799988,-3.0818662643432617,0.23628556728363037,0.02416109323501587,1803.5579614639282,71000
18.066661834716797,0.049586597830057144,-7.4281511306762695,0.01916070282459259,1.0,11.790763854980469,-14.175179481506348,428.3512878417969,2.917253017425537,10.425241470336914,-30.409982681274414,-115.60009765625,11.071178436279297,-30.137020111083984,-115.48505401611328,0.8407809734344482,0.8729686737060547,1.0,0.21454958617687225,0.21454958617687225,0.7261004447937012,-2.9501776695251465,0.224066361784935,0.024148683786392212,1827.7066535949707,72000
19.9837703704834,0.06296535581350327,-7.420014381408691,0.017126649618148804,1.0,41.9777946472168,-37.32001495361328,803.6995849609375,3.0645251274108887,11.618305206298828,-30.92736053466797,-109.65399169921875,13.649524688720703,-30.7398681640625,-110.05418395996094,0.6172578930854797,0.8807618021965027,1.0,0.22049203515052795,0.22049203515052795,0.5570611953735352,-3.1653709411621094,0.2634299099445343,0.024587199211120604,1852.293862581253,73000
18.882469177246094,0.0526118166744709,-7.406285762786865,0.013694370165467262,1.0,29.34870719909668,-26.017730712890625,959.16748046875,3.27847957611084,10.68337631225586,-32.1775016784668,-112.00677490234375,11.646520614624023,-31.916744232177734,-112.6744613647461,0.8752062320709229,0.8959083557128906,1.0,0.21046283841133118,0.21046283841133118,0.6805671453475952,-3.12615704536438,0.24460925161838531,0.02577077603340149,1878.0646469593048,74000
19.10074234008789,0.05125754326581955,-7.419366836547852,0.016964703798294067,1.0,53.88761520385742,-57.2003173828125,1181.989013671875,5.492696762084961,7.368552207946777,-32.20526885986328,-109.96237182617188,9.455535888671875,-32.04718780517578,-110.58928680419922,0.4186667501926422,0.8627817034721375,1.0,0.1989307701587677,0.1989307701587677,0.7735872268676758,-3.305612564086914,0.3229246139526367,0.024160289049148558,1902.2249448299408,75000
19.55952262878418,0.04398606717586517,-7.420464038848877,0.01723899506032467,1.0,781.9166870117188,-675.3120727539062,7119.6591796875,17.961380004882812,9.78377628326416,-30.567249298095703,-111.18768310546875,12.330572128295898,-30.333847045898438,-113.14266204833984,0.4993536174297333,0.8871074914932251,1.0,0.2233368456363678,0.2233368456363678,0.7095683813095093,-3.073668956756592,0.22659794986248016,0.02433891153335571,1926.563865184784,76000
19.850223541259766,0.05433301627635956,-7.495713233947754,0.036051295697689056,1.0,115.78608703613281,-96.87430572509766,2611.947509765625,137.94717407226562,21.039411544799805,-31.830814361572266,-116.7503890991211,20.453821182250977,-31.368045806884766,-116.91958618164062,28.146642684936523,0.858698308467865,1.0,0.24705448746681213,0.24705448746681213,0.7108197212219238,-3.2438745498657227,0.40747320652008057,0.024092764616012573,1950.656639099121,77000
19.83458709716797,0.05892151594161987,-7.415676116943359,0.01604202389717102,1.0,17.47162628173828,-16.093170166015625,584.3271484375,1.8426241874694824,9.664380073547363,-32.141929626464844,-120.85538482666016,12.186994552612305,-31.898080825805664,-121.06604766845703,0.46456682682037354,0.8719550967216492,1.0,0.21000400185585022,0.21000400185585022,0.6768657565116882,-3.50738787651062,0.6461751461029053,0.024120672941207885,1974.777321100235,78000
22.663936614990234,0.06374453008174896,-7.472198486328125,0.03017255663871765,1.0,50.29383087158203,-54.65496063232422,1169.6527099609375,15.235950469970703,12.8891019821167,-32.04389953613281,-116.03236389160156,12.698614120483398,-31.620311737060547,-116.19430541992188,3.7562146186828613,0.9032356142997742,1.0,0.24529233574867249,0.24529233574867249,0.7041942477226257,-3.325568437576294,0.2192034125328064,0.02411802577972412,1998.8953561782837,79000
19.727230072021484,0.05099102854728699,-7.418063640594482,0.01663893461227417,1.0,15.369185447692871,-14.50928020477295,684.6068115234375,5.114097595214844,8.254460334777832,-32.06658172607422,-115.71253967285156,9.981929779052734,-31.97441864013672,-115.89678955078125,0.5042330026626587,0.880525529384613,1.0,0.22144918143749237,0.22144918143749237,0.7931413054466248,-3.274320125579834,0.23173043131828308,0.02411581826210022,2023.0111832618713,80000
18.427654266357422,0.0466776117682457,-7.428321361541748,0.01920326054096222,1.0,34.26020050048828,-28.802696228027344,662.7940673828125,3.4269328117370605,9.55963134765625,-31.27751922607422,-113.01731872558594,10.18740463256836,-31.112573623657227,-112.50440216064453,0.412482351064682,0.8727611899375916,1.0,0.21070526540279388,0.21070526540279388,0.7256014347076416,-3.1500260829925537,0.24113598465919495,0.024131261110305786,2047.1424531936646,81000
21.894065856933594,0.05876082181930542,-7.416661262512207,0.016288334503769875,1.0,156.62503051757812,-144.177978515625,3170.44091796875,59.22022247314453,10.1595458984375,-31.963821411132812,-116.2410659790039,9.62021541595459,-31.835948944091797,-116.39999389648438,0.6468758583068848,0.8939874768257141,1.0,0.20697779953479767,0.20697779953479767,0.6942228078842163,-3.257443428039551,0.21687769889831543,0.02413818907737732,2071.2806508541107,82000
16.680072784423828,0.032075271010398865,-7.4467058181762695,0.023799464106559753,1.0,18.229164123535156,-20.59584617614746,570.6717529296875,1.8884432315826416,8.515844345092773,-32.51887512207031,-119.96013641357422,10.0269775390625,-32.38939666748047,-121.94170379638672,0.4787331819534302,0.9048299789428711,1.0,0.2391974776983261,0.2391974776983261,0.6642322540283203,-3.2830564975738525,0.21958473324775696,0.02503426957130432,2096.3149304389954,83000
19.21906280517578,0.0580894872546196,-7.4206953048706055,0.01729680970311165,1.0,63.65645980834961,-69.23856353759766,1353.1790771484375,6.128077507019043,9.730504989624023,-31.204660415649414,-122.36947631835938,9.662341117858887,-31.043094635009766,-122.64151000976562,0.6097787618637085,0.9048320651054382,1.0,0.23137061297893524,0.23137061297893524,0.72939133644104,-3.0928761959075928,0.21006667613983154,0.02462050271034241,2120.935442209244,84000
19.405282974243164,0.047432344406843185,-7.416164875030518,0.0161641463637352,1.0,8.24653434753418,-10.113910675048828,296.9566650390625,1.582655429840088,7.621852874755859,-30.521032333374023,-124.82938385009766,9.092344284057617,-30.378808975219727,-123.40879821777344,0.5148792862892151,0.8951624035835266,1.0,0.21769891679286957,0.21769891679286957,0.6549526453018188,-3.061194658279419,0.2300545871257782,0.025818406820297242,2146.75385761261,85000
22.43569564819336,0.06435757875442505,-7.415831565856934,0.016080770641565323,1.0,23.59497833251953,-23.062387466430664,607.072265625,3.4954566955566406,8.603161811828613,-31.874717712402344,-123.78595733642578,9.799806594848633,-31.70802116394043,-124.03253173828125,0.40426164865493774,0.8978666663169861,1.0,0.22626307606697083,0.22626307606697083,0.7274733781814575,-3.167792797088623,0.33212101459503174,0.0247996244430542,2171.55349111557,86000
21.53264617919922,0.06671023368835449,-7.405213356018066,0.013426262885332108,1.0,8.891660690307617,-7.80640172958374,292.57086181640625,1.4225447177886963,9.133060455322266,-32.32176971435547,-122.61498260498047,10.250398635864258,-32.17589569091797,-122.83792114257812,0.46416154503822327,0.8595501184463501,1.0,0.19953672587871552,0.19953672587871552,0.6840915679931641,-3.1351888179779053,0.4378511309623718,0.024754215478897095,2196.3077149391174,87000
22.880111694335938,0.06428772211074829,-7.409387588500977,0.014469812624156475,1.0,35.871551513671875,-33.06033706665039,714.743408203125,3.9644775390625,9.236177444458008,-32.601478576660156,-125.58230590820312,11.143231391906738,-32.39879608154297,-125.84071350097656,0.5026282072067261,0.9008394479751587,1.0,0.23881979286670685,0.23881979286670685,0.6549850106239319,-3.1662445068359375,0.21012747287750244,0.024297075748443604,2220.6047995090485,88000
19.704681396484375,0.053571052849292755,-7.401689529418945,0.012545447796583176,1.0,7.2086310386657715,-7.720998764038086,282.36572265625,1.3896592855453491,10.800617218017578,-29.371700286865234,-117.37421417236328,12.427451133728027,-29.187667846679688,-118.9958267211914,0.4258277416229248,0.9137060046195984,1.0,0.21679671108722687,0.21679671108722687,0.6150315999984741,-3.0508501529693604,0.23859354853630066,0.02457082986831665,2245.1756386756897,89000
17.971899032592773,0.04960019141435623,-7.442941665649414,0.02285831980407238,1.0,14.137307167053223,-13.287348747253418,368.541259765625,2.2129836082458496,8.429079055786133,-31.332761764526367,-124.75906372070312,10.400799751281738,-31.128028869628906,-125.71659851074219,0.5503252148628235,0.8426309823989868,1.0,0.20491938292980194,0.20491938292980194,0.7606043815612793,-3.154728412628174,0.25446009635925293,0.024310460329055785,2269.4861080646515,90000
19.03908920288086,0.053801484405994415,-7.443733215332031,0.02305622026324272,1.0,87.31694793701172,-66.79593658447266,1403.994140625,7.213562965393066,8.536927223205566,-32.56208801269531,-129.34527587890625,9.992976188659668,-32.322608947753906,-129.64108276367188,0.8140007257461548,0.9345518946647644,1.0,0.24807846546173096,0.24807846546173096,0.7131209969520569,-3.1756930351257324,0.24398387968540192,0.02448002028465271,2293.9661378860474,91000
20.162281036376953,0.052042633295059204,-7.441027641296387,0.022379880771040916,1.0,16.568994522094727,-13.80953311920166,577.5242919921875,2.130347967147827,9.757067680358887,-32.54994201660156,-120.59666442871094,11.981488227844238,-32.39056396484375,-121.64212799072266,0.4261445999145508,0.8695867657661438,1.0,0.20800869166851044,0.20800869166851044,0.639883279800415,-3.266392469406128,0.23688015341758728,0.02410043430328369,2318.0665805339813,92000
15.768102645874023,0.04293486475944519,-7.4407148361206055,0.022301681339740753,1.0,54.507198333740234,-62.673282623291016,571.2598876953125,2.235504627227783,10.414968490600586,-30.815065383911133,-130.96505737304688,10.13533878326416,-30.573749542236328,-131.6103515625,0.8774706125259399,0.8865572214126587,1.0,0.1988420933485031,0.1988420933485031,0.6816340684890747,-3.100332260131836,0.2268434464931488,0.024372241497039794,2342.4388303756714,93000
20.858657836914062,0.05005323141813278,-7.419465065002441,0.01698927953839302,1.0,13.140291213989258,-12.433182716369629,599.771728515625,2.267080783843994,10.967793464660645,-32.4638786315918,-132.66696166992188,11.75677490234375,-32.20354461669922,-133.0572967529297,0.8327300548553467,0.9104941487312317,1.0,0.20750918984413147,0.20750918984413147,0.6224815845489502,-3.306485176086426,0.24102187156677246,0.024455286502838135,2366.894125699997,94000
21.896472930908203,0.07018661499023438,-7.436893463134766,0.02134629711508751,1.0,81.4197769165039,-90.09481048583984,1638.94091796875,12.486331939697266,7.586676597595215,-32.06818389892578,-141.66880798339844,13.215980529785156,-31.91095733642578,-142.08970642089844,2.500443458557129,0.8854873776435852,1.0,0.21316038072109222,0.21316038072109222,0.6170585751533508,-3.0719432830810547,0.22375312447547913,0.024438805103302003,2391.3329396247864,95000
21.444984436035156,0.05496494844555855,-7.415668487548828,0.016040118411183357,1.0,17.740270614624023,-15.940940856933594,476.2987060546875,2.119675874710083,6.922473907470703,-33.700233459472656,-131.68612670898438,10.171030044555664,-33.53144454956055,-132.0061798095703,0.7230666875839233,0.9021987915039062,1.0,0.23059825599193573,0.23059825599193573,0.6360607147216797,-3.361999273300171,0.2392001748085022,0.024496323823928832,2415.8292722702026,96000
20.026519775390625,0.04155763238668442,-7.444696426391602,0.023297157138586044,1.0,18.181310653686523,-20.143779754638672,769.7481689453125,8.625801086425781,9.620634078979492,-30.72759246826172,-130.34938049316406,12.5673828125,-30.471546173095703,-130.67547607421875,2.4872775077819824,0.8786020278930664,1.0,0.18944528698921204,0.18944528698921204,0.6934459209442139,-2.8854076862335205,0.17740744352340698,0.024007856607437133,2439.837137699127,97000
20.751773834228516,0.04772363603115082,-7.428659915924072,0.019287938252091408,1.0,51.02712631225586,-44.842994689941406,688.2025756835938,2.6369948387145996,7.919380187988281,-31.478103637695312,-124.88226318359375,8.437944412231445,-31.26270294189453,-126.69783020019531,0.38727933168411255,0.9143800139427185,1.0,0.22092843055725098,0.22092843055725098,0.6033858060836792,-3.1428561210632324,0.21725994348526,0.023993098974227904,2463.8302454948425,98000
20.564098358154297,0.0562942698597908,-7.427379608154297,0.01896793395280838,1.0,11.862393379211426,-11.561095237731934,470.8267822265625,1.9135692119598389,6.969388008117676,-34.433135986328125,-133.43092346191406,8.17625904083252,-34.20940017700195,-133.36395263671875,0.5917303562164307,0.8345985412597656,1.0,0.19478042423725128,0.19478042423725128,0.6649492979049683,-3.3975300788879395,0.25308340787887573,0.02396545457839966,2487.795709848404,99000
20.359376907348633,0.06043032556772232,-7.416095733642578,0.016146978363394737,1.0,16.6857852935791,-14.700949668884277,358.61395263671875,1.8580970764160156,7.295549392700195,-31.072139739990234,-135.17735290527344,9.897644996643066,-30.875436782836914,-135.5413360595703,0.4456515312194824,0.8942112326622009,1.0,0.230934739112854,0.230934739112854,0.5905578136444092,-3.1912007331848145,0.2047909051179886,0.023967005968093872,2511.7627251148224,100000
22.022930145263672,0.06124328821897507,-7.407360076904297,0.013962868601083755,1.0,11.492234230041504,-10.28366470336914,332.2513732910156,1.607083797454834,8.46004581451416,-32.83735656738281,-151.78060913085938,10.223363876342773,-32.61397933959961,-109.92040252685547,0.7934097647666931,0.9087085723876953,1.0,0.22600872814655304,0.22600872814655304,0.6298676133155823,-3.2675087451934814,0.24311265349388123,0.024202810525894167,2535.965543985367,101000
18.837745666503906,0.04258290305733681,-7.490192413330078,0.03467106819152832,1.0,37.73288345336914,-29.43954086303711,1031.4266357421875,26.252761840820312,12.06467342376709,-30.13694953918457,-128.4645233154297,11.445625305175781,-29.759723663330078,-128.75204467773438,5.382144451141357,0.8745703101158142,1.0,0.20325838029384613,0.20325838029384613,0.6633586287498474,-3.1152079105377197,0.25396329164505005,0.023968564748764038,2559.9341192245483,102000
19.11263656616211,0.0489589124917984,-7.428375720977783,0.01921689324080944,1.0,67.70763397216797,-72.14976501464844,1065.460205078125,6.270636558532715,8.35452651977539,-32.618064880371094,-110.6069107055664,8.104137420654297,-32.4040641784668,-110.82176208496094,0.7956169843673706,0.8974506258964539,1.0,0.2176094502210617,0.2176094502210617,0.6404442191123962,-3.2875723838806152,0.21675914525985718,0.023968774795532225,2583.9029030799866,103000
18.988542556762695,0.05273754522204399,-7.409713268280029,0.014551293104887009,1.0,35.02019500732422,-37.06081008911133,1283.912841796875,4.885597229003906,7.437229156494141,-31.865787506103516,-112.8203353881836,8.973477363586426,-31.72722625732422,-112.9498291015625,1.9849944114685059,0.9333354234695435,1.0,0.2458207607269287,0.2458207607269287,0.5855010747909546,-3.0680558681488037,0.2317122519016266,0.0239744131565094,2607.877325773239,104000
16.239295959472656,0.04769406095147133,-7.404584884643555,0.013269158080220222,1.0,11.477912902832031,-10.509683609008789,310.3049011230469,1.6854106187820435,7.814295768737793,-34.05455017089844,-119.37156677246094,9.264046669006348,-33.94269561767578,-119.75914764404297,0.363098680973053,0.8903998732566833,1.0,0.21441908180713654,0.21441908180713654,0.7003943920135498,-3.363457441329956,0.2884056568145752,0.023970538377761842,2631.84787273407,105000
19.338245391845703,0.045131929218769073,-7.419416427612305,0.016977040097117424,1.0,87.60604095458984,-80.29273986816406,1162.0728759765625,2.136840343475342,8.29632568359375,-32.82014083862305,-120.81013488769531,9.478708267211914,-32.60295104980469,-120.98664855957031,0.4827767610549927,0.9047576785087585,1.0,0.22366957366466522,0.22366957366466522,0.619836688041687,-3.2307872772216797,0.2258124053478241,0.02398131847381592,2655.829200029373,106000
19.823028564453125,0.047330498695373535,-7.434875011444092,0.020841732621192932,1.0,22.110803604125977,-24.349767684936523,598.5420532226562,2.0569608211517334,6.576404571533203,-31.30207061767578,-118.70851135253906,8.392593383789062,-31.084701538085938,-118.8530502319336,0.5705409049987793,0.8850170969963074,1.0,0.20271487534046173,0.20271487534046173,0.6243007183074951,-3.08084774017334,0.23550564050674438,0.023985278606414796,2679.8144874572754,107000
21.700637817382812,0.05519559234380722,-7.427094459533691,0.018896527588367462,1.0,16.716785430908203,-13.882207870483398,491.7319030761719,4.254932403564453,7.168902397155762,-31.999290466308594,-120.45954895019531,7.160083293914795,-31.88667106628418,-120.66620635986328,0.8353716135025024,0.8719518780708313,1.0,0.20929060876369476,0.20929060876369476,0.6209505796432495,-3.1616153717041016,0.23116251826286316,0.023973519802093505,2703.788016319275,108000
19.019371032714844,0.04217683523893356,-7.418028831481934,0.016630109399557114,1.0,6.183509826660156,-6.987900257110596,254.51651000976562,1.3879187107086182,8.111563682556152,-32.13172149658203,-121.70381927490234,9.805805206298828,-31.997821807861328,-121.8975830078125,0.2952677011489868,0.8920823335647583,1.0,0.20748482644557953,0.20748482644557953,0.5968197584152222,-3.1924543380737305,0.22110529243946075,0.02397064685821533,2727.758672952652,109000
21.366544723510742,0.051995933055877686,-7.422259330749512,0.017687823623418808,1.0,6.414529323577881,-5.365840435028076,204.6703338623047,1.5236821174621582,8.367767333984375,-33.78491973876953,-123.298095703125,9.176335334777832,-33.71953201293945,-123.53343200683594,0.32272374629974365,0.8619024157524109,1.0,0.2140570431947708,0.2140570431947708,0.5200700759887695,-3.136533498764038,0.24045488238334656,0.02512613320350647,2752.8848176002502,110000
20.968364715576172,0.051666487008333206,-7.415996551513672,0.016122153028845787,1.0,316.0298767089844,-351.3380126953125,5174.54345703125,24.125652313232422,8.282976150512695,-34.02695846557617,-127.00729370117188,9.815905570983887,-33.740238189697266,-125.79708862304688,0.5586989521980286,0.9031752943992615,1.0,0.22305455803871155,0.22305455803871155,0.6038781404495239,-3.300575017929077,0.21330192685127258,0.02456541442871094,2777.45024061203,111000
20.529096603393555,0.056413449347019196,-7.409908294677734,0.014600072056055069,1.0,47.62527084350586,-53.413230895996094,955.4908447265625,3.3106532096862793,9.758374214172363,-30.839801788330078,-128.73165893554688,9.643381118774414,-30.724735260009766,-128.95217895507812,0.5759981274604797,0.913242757320404,1.0,0.22042088210582733,0.22042088210582733,0.5712361931800842,-3.138300895690918,0.23895826935768127,0.024637011528015135,2802.0872569084167,112000
18.93008041381836,0.057648248970508575,-7.401464939117432,0.012489190325140953,1.0,19.338008880615234,-23.322280883789062,839.5690307617188,2.762458562850952,8.130226135253906,-32.27880096435547,-126.58812713623047,9.858613967895508,-32.04231643676758,-126.90934753417969,0.9482784271240234,0.9136433005332947,1.0,0.24918857216835022,0.24918857216835022,0.6437737345695496,-3.1271095275878906,0.1781895011663437,0.024656259536743164,2826.7435257434845,113000
23.67400360107422,0.061253927648067474,-7.417365074157715,0.016464296728372574,1.0,14.578262329101562,-16.447887420654297,402.67877197265625,1.971268653869629,8.42728042602539,-33.533531188964844,-130.04998779296875,9.805309295654297,-33.48095703125,-130.29742431640625,0.4106443524360657,0.8989332318305969,1.0,0.22802157700061798,0.22802157700061798,0.5547292232513428,-3.1426143646240234,0.2757330536842346,0.02458708643913269,2851.330621242523,114000
21.005584716796875,0.05835188925266266,-7.445240497589111,0.02343304455280304,1.0,56.15145492553711,-62.007293701171875,821.3883666992188,15.795827865600586,8.060357093811035,-31.925155639648438,-120.71168518066406,11.441383361816406,-31.65836524963379,-120.91658020019531,3.5142595767974854,0.8584244847297668,1.0,0.21603064239025116,0.21603064239025116,0.6743124723434448,-3.005680799484253,0.21624794602394104,0.02460836124420166,2875.938991546631,115000
21.38074493408203,0.059042301028966904,-7.425216197967529,0.018427051603794098,1.0,99.04846954345703,-87.87559509277344,1774.0567626953125,30.791900634765625,8.198657989501953,-32.50053024291992,-146.2285919189453,8.364411354064941,-32.34734344482422,-133.30523681640625,0.4159862995147705,0.8978857398033142,1.0,0.2161606401205063,0.2161606401205063,0.6598107814788818,-3.232006311416626,0.22086961567401886,0.024907505750656127,2900.846506357193,116000
23.088346481323242,0.0573716014623642,-7.398375511169434,0.011716777458786964,1.0,72.1787109375,-66.96961975097656,1066.8359375,6.940837860107422,9.389041900634766,-30.441082000732422,-136.6272430419922,10.507265090942383,-30.245101928710938,-136.99720764160156,0.5738680362701416,0.9271875619888306,1.0,0.2305266410112381,0.2305266410112381,0.5870270133018494,-3.133777618408203,0.2287694811820984,0.02469572639465332,2925.5422446727753,117000
17.23066520690918,0.05217102915048599,-7.416776657104492,0.016317129135131836,1.0,22.24431610107422,-24.925994873046875,634.9928588867188,3.0685534477233887,10.500073432922363,-32.51573944091797,-140.666015625,12.582634925842285,-32.2820930480957,-141.0767822265625,0.5387824773788452,0.8337112665176392,1.0,0.20449259877204895,0.20449259877204895,0.5402762293815613,-3.131721019744873,0.25601691007614136,0.024909247875213623,2950.451501607895,118000
21.13497543334961,0.05496041476726532,-7.41600227355957,0.016123520210385323,1.0,640.4738159179688,-533.6275024414062,6041.15771484375,43.89118957519531,8.241561889648438,-33.315181732177734,-140.6785125732422,8.05845832824707,-33.44758605957031,-141.0894012451172,14.653228759765625,0.8961651921272278,1.0,0.2076660394668579,0.2076660394668579,0.5585813522338867,-3.2343802452087402,0.22606530785560608,0.024644989252090455,2975.096499681473,119000
17.871614456176758,0.047777872532606125,-7.423823356628418,0.018078874796628952,1.0,11.79190444946289,-11.894085884094238,497.7401428222656,2.2837681770324707,8.060518264770508,-31.67218780517578,-143.4783935546875,8.550037384033203,-31.499282836914062,-143.91757202148438,0.8496257662773132,0.8745988011360168,1.0,0.21488557755947113,0.21488557755947113,0.6099511384963989,-3.1909337043762207,0.21837149560451508,0.02461927556991577,2999.7157838344574,120000
18.140792846679688,0.05607012286782265,-7.378043174743652,0.0066338032484054565,1.0,11.736035346984863,-10.170469284057617,385.8577575683594,1.621791124343872,8.153746604919434,-34.32085037231445,-129.4857940673828,9.062530517578125,-34.10564041137695,-129.56796264648438,0.5819085836410522,0.9045568704605103,1.0,0.21457786858081818,0.21457786858081818,0.5544887781143188,-3.294063091278076,0.2676655352115631,0.024614670753479003,3024.3304636478424,121000
19.371482849121094,0.04241526126861572,-7.424663543701172,0.01828892156481743,1.0,5.973295211791992,-6.853904724121094,318.283935546875,3.4889700412750244,7.127353668212891,-33.42634201049805,-145.5019989013672,8.012910842895508,-33.227577209472656,-145.91732788085938,1.6340397596359253,0.920484185218811,1.0,0.24874773621559143,0.24874773621559143,0.49788638949394226,-3.096859931945801,0.22080174088478088,0.02459921193122864,3048.92968583107,122000
17.549989700317383,0.048098910599946976,-7.411715507507324,0.015051809139549732,1.0,7.830997943878174,-7.083691596984863,220.39703369140625,1.7558966875076294,5.653224468231201,-32.001197814941406,-146.55477905273438,7.391594886779785,-31.919668197631836,-146.9656982421875,0.5478705763816833,0.880431592464447,1.0,0.20671458542346954,0.20671458542346954,0.5154460072517395,-3.1332550048828125,0.24691253900527954,0.02459659695625305,3073.526291847229,123000
19.629701614379883,0.04913985729217529,-7.420583724975586,0.017269007861614227,1.0,22.65782928466797,-20.891498565673828,597.5984497070312,1.696967601776123,9.389780044555664,-33.29627990722656,-147.17684936523438,10.629470825195312,-33.10408020019531,-147.65664672851562,0.4987596571445465,0.8864629864692688,1.0,0.2019597589969635,0.2019597589969635,0.5754825472831726,-3.288890838623047,0.231950581073761,0.024609049320220948,3098.135350704193,124000
21.829181671142578,0.05821710079908371,-7.419451713562012,0.016985956579446793,1.0,16.26338005065918,-14.222962379455566,402.052490234375,1.4680757522583008,8.003746032714844,-32.45915603637695,-150.8027801513672,8.898397445678711,-32.34114456176758,-151.38021850585938,0.5014172196388245,0.906475841999054,1.0,0.22514060139656067,0.22514060139656067,0.5456705093383789,-3.220521926879883,0.7518119812011719,0.024751068115234375,3122.886427640915,125000
19.115215301513672,0.04654256999492645,-7.427257537841797,0.01893729530274868,1.0,13.658881187438965,-14.446200370788574,364.9752502441406,1.6352099180221558,7.022614479064941,-32.321632385253906,-146.88397216796875,7.734546661376953,-32.140567779541016,-147.30050659179688,0.3783884644508362,0.8895948529243469,1.0,0.211649090051651,0.211649090051651,0.5352026224136353,-3.3324780464172363,0.21324989199638367,0.02497375988960266,3147.8601970672607,126000
17.276098251342773,0.041380561888217926,-7.412501335144043,0.015248230658471584,1.0,44.976375579833984,-48.78970718383789,913.2099609375,14.725746154785156,6.449454307556152,-31.798622131347656,-150.33279418945312,7.539438247680664,-31.621286392211914,-150.77450561523438,0.3670421242713928,0.8969575762748718,1.0,0.22323977947235107,0.22323977947235107,0.5646712183952332,-3.3784477710723877,0.24186933040618896,0.02449410629272461,3172.3543117046356,127000
16.95496940612793,0.042588308453559875,-7.420004367828369,0.01712409034371376,1.0,379.77349853515625,-380.3260803222656,5844.71923828125,5.86207389831543,8.163829803466797,-32.983951568603516,-151.78578186035156,9.043352127075195,-32.857147216796875,-152.39523315429688,0.3278922736644745,0.8647224307060242,1.0,0.19541525840759277,0.19541525840759277,0.5744612216949463,-3.233382225036621,0.23927247524261475,0.02396917700767517,3196.323497056961,128000
20.899324417114258,0.055048465728759766,-7.405895233154297,0.0135967917740345,1.0,56.19182586669922,-51.97474670410156,1088.6060791015625,4.8077616691589355,8.142733573913574,-33.537681579589844,-156.42153930664062,9.133594512939453,-33.362152099609375,-156.935791015625,0.4267455041408539,0.8840864300727844,1.0,0.2123376429080963,0.2123376429080963,0.5821011066436768,-3.290341377258301,0.23255887627601624,0.023964855670928955,3220.288361310959,129000
20.465604782104492,0.05426109954714775,-7.410872936248779,0.014841255731880665,1.0,26.65207290649414,-30.015525817871094,395.8726501464844,1.4813252687454224,8.783028602600098,-32.74592590332031,-154.25277709960938,9.939590454101562,-32.60436248779297,-154.80078125,0.35580822825431824,0.9311186075210571,1.0,0.2366103231906891,0.2366103231906891,0.5549302101135254,-3.124439239501953,0.23565617203712463,0.0239684419631958,3244.2568142414093,130000
21.630794525146484,0.05157493054866791,-7.422190189361572,0.017670508474111557,1.0,25.700395584106445,-22.189701080322266,593.937255859375,2.152125120162964,7.831811904907227,-31.964332580566406,-158.677490234375,9.835542678833008,-31.780227661132812,-159.2701873779297,0.612699031829834,0.8964148759841919,1.0,0.21573452651500702,0.21573452651500702,0.6740508079528809,-3.191833972930908,0.23179975152015686,0.023981273889541625,3268.238096475601,131000
22.5042667388916,0.052354179322719574,-7.432779312133789,0.020317761227488518,1.0,38.72309875488281,-35.5037841796875,729.7909545898438,4.093285083770752,8.626821517944336,-33.490234375,-159.5360107421875,9.138391494750977,-33.352394104003906,-160.13739013671875,1.2428185939788818,0.8910253643989563,1.0,0.20181183516979218,0.20181183516979218,0.6502794027328491,-3.2115864753723145,0.2250477522611618,0.02396687984466553,3292.2049853801727,132000
20.90237045288086,0.06293173134326935,-7.427224159240723,0.01892896741628647,1.0,238.1069793701172,-254.870849609375,3850.40771484375,33.05369567871094,19.19344139099121,-30.91409683227539,-159.2571258544922,20.397415161132812,-30.848493576049805,-159.85568237304688,8.794483184814453,0.8799079060554504,1.0,0.21233706176280975,0.21233706176280975,0.6716629266738892,-3.236227035522461,0.24652688205242157,0.023970408201217652,3316.175402879715,133000
19.443931579589844,0.06014474481344223,-7.3950347900390625,0.010881565511226654,1.0,432.95172119140625,-469.90960693359375,3237.0205078125,21.43878173828125,9.749626159667969,-32.13527297973633,-158.25900268554688,9.447362899780273,-31.935909271240234,-158.84747314453125,0.30801641941070557,0.9312348365783691,1.0,0.24326634407043457,0.24326634407043457,0.7982483506202698,-3.358198404312134,0.2418830841779709,0.02399942350387573,3340.174835205078,134000
19.52736473083496,0.05199260264635086,-7.411174774169922,0.01491668913513422,1.0,23.011428833007812,-20.858272552490234,707.289306640625,2.9576258659362793,6.965615272521973,-32.876617431640625,-159.3720703125,9.036123275756836,-32.75440979003906,-159.97178649902344,0.5316301584243774,0.8947211503982544,1.0,0.226401686668396,0.226401686668396,0.6984819173812866,-3.268932580947876,0.20097693800926208,0.02397296953201294,3364.1478173732758,135000
17.264087677001953,0.04084800183773041,-7.442194938659668,0.022671770304441452,1.0,71.40364074707031,-61.04097366333008,1494.7410888671875,8.631287574768066,7.84909725189209,-31.76188850402832,-164.67112731933594,8.070320129394531,-31.487581253051758,-165.3542938232422,0.5994817614555359,0.870374858379364,1.0,0.1934773027896881,0.1934773027896881,0.7122740745544434,-3.252225875854492,0.28427425026893616,0.0239813232421875,3388.129148721695,136000
19.87493133544922,0.05083959922194481,-7.403693199157715,0.01304616592824459,1.0,10.91299057006836,-10.105731010437012,246.34149169921875,1.8193094730377197,6.684331893920898,-32.091312408447266,-161.13987731933594,11.246610641479492,-31.993812561035156,-161.33367919921875,0.4984992742538452,0.9042601585388184,1.0,0.21337281167507172,0.21337281167507172,0.6941559314727783,-3.1285386085510254,0.2198510766029358,0.023966799974441528,3412.095957517624,137000
19.439029693603516,0.05425717681646347,-7.421686172485352,0.017544392496347427,1.0,29.21967887878418,-33.41661071777344,661.8214721679688,2.21258807182312,6.7470703125,-32.545433044433594,-160.4467315673828,8.225475311279297,-32.366825103759766,-160.9867401123047,0.4813445806503296,0.8884691596031189,1.0,0.2122909128665924,0.2122909128665924,0.7686936855316162,-3.1871933937072754,0.22058485448360443,0.023969911575317384,3436.0658791065216,138000
21.563249588012695,0.04502180963754654,-7.435592174530029,0.021020909771323204,1.0,31.58106803894043,-35.30079650878906,494.3775634765625,2.7425694465637207,6.270358085632324,-32.616825103759766,-161.24639892578125,8.693056106567383,-32.477439880371094,-161.91476440429688,0.462951123714447,0.8939486742019653,1.0,0.3164231479167938,0.3164231479167938,0.6974080801010132,-3.179744243621826,0.2449260652065277,0.023985457181930542,3460.0513446331024,139000
18.745180130004883,0.04160524532198906,-7.474506855010986,0.030749669298529625,1.0,72.16585540771484,-73.30262756347656,2081.619140625,65.88877868652344,25.66621208190918,-32.22594451904297,-159.33187866210938,32.09680938720703,-31.518817901611328,-160.97036743164062,15.290050506591797,0.8035721778869629,1.0,0.23463378846645355,0.23463378846645355,0.8543916344642639,-3.3116700649261475,0.23951418697834015,0.023965699434280396,3484.0170533657074,140000
26.592546463012695,0.06796041131019592,-7.406063556671143,0.01363876648247242,1.0,10.251873016357422,-9.960305213928223,368.55987548828125,2.686234474182129,6.4592132568359375,-32.86058807373047,-162.46505737304688,7.759676456451416,-32.71271896362305,-163.08287048339844,0.38624393939971924,0.9046342968940735,1.0,0.21522104740142822,0.21522104740142822,0.7962830066680908,-3.2730867862701416,0.23880526423454285,0.023982091903686522,3507.9991545677185,141000
18.645662307739258,0.053809139877557755,-7.4092559814453125,0.014436999335885048,1.0,41.042484283447266,-37.640323638916016,543.5626831054688,2.224573850631714,6.895794868469238,-32.59096908569336,-160.748046875,8.222538948059082,-32.331321716308594,-161.38409423828125,0.3880317807197571,0.9055631756782532,1.0,0.22446437180042267,0.22446437180042267,0.7327085137367249,-3.228414297103882,0.21641623973846436,0.023968765258789063,3531.9679284095764,142000
19.50503921508789,0.04599640890955925,-7.410318374633789,0.014702629297971725,1.0,14.63808822631836,-15.42160415649414,468.48468017578125,2.1800105571746826,9.227396965026855,-32.157222747802734,-163.54647827148438,9.725995063781738,-31.9759578704834,-164.14425659179688,0.6260035037994385,0.9034903645515442,1.0,0.2110828161239624,0.2110828161239624,0.667494535446167,-3.1880483627319336,0.22440604865550995,0.02396572947502136,3555.9336664676666,143000
17.92503547668457,0.049154460430145264,-7.415039539337158,0.01588282734155655,1.0,23.819719314575195,-21.727598190307617,735.835693359375,2.2473111152648926,8.59683895111084,-33.424800872802734,-162.11642456054688,9.956320762634277,-33.118736267089844,-162.49032592773438,0.7105566263198853,0.8970643877983093,1.0,0.23290562629699707,0.23290562629699707,0.6286928653717041,-3.0694572925567627,0.25433892011642456,0.0239711537361145,3579.904828310013,144000
18.545446395874023,0.05346447974443436,-7.41995906829834,0.0171127337962389,1.0,8.076960563659668,-9.278870582580566,328.6251525878906,1.7411763668060303,8.709614753723145,-31.57672119140625,-162.60630798339844,8.74215316772461,-31.45639419555664,-163.2386932373047,0.38974612951278687,0.9239851236343384,1.0,0.22321462631225586,0.22321462631225586,0.6436850428581238,-3.058971405029297,0.21056032180786133,0.02396628403663635,3603.8711211681366,145000
21.02322006225586,0.050918154418468475,-7.420800685882568,0.017323197796940804,1.0,35.5597038269043,-33.171993255615234,771.3729858398438,3.077873706817627,8.36561107635498,-31.754745483398438,-164.3504180908203,9.237737655639648,-31.603527069091797,-165.0303497314453,1.0369806289672852,0.9098417162895203,1.0,0.2048559933900833,0.2048559933900833,0.6519545316696167,-3.2751989364624023,0.6912700533866882,0.024005715131759645,3627.8768451213837,146000
20.610862731933594,0.048085011541843414,-7.410679817199707,0.014792945235967636,1.0,19.213430404663086,-17.462608337402344,359.6737365722656,1.9797581434249878,7.403799057006836,-33.32923889160156,-166.77745056152344,9.2008056640625,-33.2282829284668,-167.530029296875,0.6167589426040649,0.8987331390380859,1.0,0.21074651181697845,0.21074651181697845,0.6353204250335693,-3.0818850994110107,0.24168270826339722,0.023966345310211183,3651.8431990146637,147000
22.865232467651367,0.05176220461726189,-7.414604663848877,0.015774089843034744,1.0,25.007400512695312,-18.245790481567383,416.3053894042969,1.8727669715881348,10.227506637573242,-34.229209899902344,-163.4501953125,10.482147216796875,-34.05864715576172,-163.8743133544922,0.3868209719657898,0.9150136113166809,1.0,0.21067467331886292,0.21067467331886292,0.6741335988044739,-3.1593246459960938,0.2285580039024353,0.02396936583518982,3675.8125734329224,148000
17.39214324951172,0.04877153038978577,-7.418545246124268,0.016759302467107773,1.0,11.490354537963867,-12.185125350952148,441.98602294921875,1.9540259838104248,7.41049861907959,-32.797481536865234,-162.7235870361328,8.64478874206543,-32.600830078125,-163.408935546875,0.6599413156509399,0.9251167178153992,1.0,0.2388451099395752,0.2388451099395752,0.6101584434509277,-3.2934975624084473,0.24620583653450012,0.0239676570892334,3699.780238866806,149000
20.554372787475586,0.05268049240112305,-7.411830902099609,0.015080712735652924,1.0,10.760786056518555,-9.625711441040039,350.7016296386719,1.6477711200714111,7.68356990814209,-33.74733352661133,-163.53402709960938,7.650966644287109,-33.57959747314453,-164.10678100585938,0.42381295561790466,0.9030126929283142,1.0,0.2170112133026123,0.2170112133026123,0.6314139366149902,-3.2715578079223633,0.8541656732559204,0.023968688726425172,3723.7489359378815,150000
18.14739418029785,0.049382273107767105,-7.43215274810791,0.02016112022101879,1.0,6.400335788726807,-6.370676040649414,266.92803955078125,13.941673278808594,9.820379257202148,-32.752967834472656,-160.35719299316406,10.58344841003418,-32.48741149902344,-160.93214416503906,0.2776417136192322,0.8886896371841431,1.0,0.21847163140773773,0.21847163140773773,0.6135692596435547,-3.10805606842041,0.3941541612148285,0.024201109170913695,3747.9500567913055,151000
19.199132919311523,0.04408027231693268,-7.490066051483154,0.03463952615857124,1.0,64.77142333984375,-64.81462860107422,1613.4161376953125,21.861454010009766,19.35497283935547,-32.67817687988281,-160.1328582763672,24.34395980834961,-32.18061065673828,-160.7996826171875,5.192485332489014,0.8517023324966431,1.0,0.2181411236524582,0.2181411236524582,0.5888689756393433,-3.1886417865753174,0.29145652055740356,0.023968358516693114,3771.9184243679047,152000
23.432767868041992,0.058226652443408966,-7.436384201049805,0.02121911570429802,1.0,6.289175987243652,-6.058138370513916,230.5739288330078,1.2906036376953125,6.183703899383545,-33.952213287353516,-159.75381469726562,9.824422836303711,-33.767234802246094,-160.35739135742188,0.6852331161499023,0.919464111328125,1.0,0.23607110977172852,0.23607110977172852,0.679580807685852,-3.160405397415161,0.2100096344947815,0.023963971853256227,3795.8824050426483,153000
19.96091079711914,0.0439007505774498,-7.420648574829102,0.017285102978348732,1.0,7.758120059967041,-7.655471324920654,278.4624938964844,1.572490930557251,7.635471343994141,-32.28887176513672,-161.231689453125,8.927577018737793,-32.205238342285156,-161.80133056640625,0.5457884073257446,0.8970155715942383,1.0,0.20997023582458496,0.20997023582458496,0.6064855456352234,-3.248122453689575,0.2690207362174988,0.0242732355594635,3820.1556525230408,154000
22.499826431274414,0.033348992466926575,-7.4242401123046875,0.018183082342147827,1.0,14.096138954162598,-16.139436721801758,314.8073425292969,1.9522852897644043,5.8146185874938965,-34.450355529785156,-158.76681518554688,6.500223159790039,-34.364261627197266,-159.36041259765625,0.5238904356956482,0.9211482405662537,1.0,0.21453170478343964,0.21453170478343964,0.6484209299087524,-3.318249225616455,0.237519770860672,0.02398964262008667,3844.145303964615,155000
18.30401039123535,0.05166957527399063,-7.405189514160156,0.013420348055660725,1.0,11.748445510864258,-10.681361198425293,299.3018798828125,1.0268999338150024,7.278946876525879,-32.679527282714844,-155.70053100585938,7.973786354064941,-32.50480651855469,-155.5059814453125,1.0148266553878784,0.9117148518562317,1.0,0.2199832946062088,0.2199832946062088,0.5965926647186279,-3.2949302196502686,0.228067547082901,0.02398068594932556,3868.126001358032,156000
18.496524810791016,0.048902496695518494,-7.427709102630615,0.019050298258662224,1.0,19.920249938964844,-17.989030838012695,370.0263671875,2.777128219604492,7.868374824523926,-34.1529541015625,-157.49180603027344,8.096917152404785,-34.03339385986328,-158.07252502441406,0.6024401187896729,0.8782357573509216,1.0,0.1872664988040924,0.1872664988040924,0.6282931566238403,-3.1873345375061035,0.22059696912765503,0.02397199869155884,3892.0980088710785,157000
21.972537994384766,0.05141574889421463,-7.407309055328369,0.013950214721262455,1.0,110.5472183227539,-157.11959838867188,1824.2222900390625,7.138217926025391,6.514292240142822,-33.20310974121094,-159.0106964111328,8.560194969177246,-33.01776885986328,-159.64520263671875,1.2294385433197021,0.8759952783584595,1.0,0.191762313246727,0.191762313246727,0.6286057233810425,-3.3199169635772705,0.2277223765850067,0.02396950125694275,3916.0675191879272,158000
21.838279724121094,0.05937446653842926,-7.414313316345215,0.015701301395893097,1.0,13.50049877166748,-15.47115421295166,367.0889587402344,2.4635426998138428,5.946187496185303,-33.529685974121094,-156.8679656982422,7.921819686889648,-33.37316131591797,-157.40042114257812,0.6619999408721924,0.9077306985855103,1.0,0.21274958550930023,0.21274958550930023,0.6383538246154785,-3.2733511924743652,0.24409779906272888,0.023970561027526857,3940.0381140708923,159000
21.069522857666016,0.05732319504022598,-7.4160380363464355,0.016132419928908348,1.0,481.80670166015625,-532.1427001953125,4121.6796875,28.975929260253906,6.726741790771484,-32.07375717163086,-155.38204956054688,9.569032669067383,-31.93056869506836,-155.79591369628906,0.7974879145622253,0.9302253723144531,1.0,0.21868208050727844,0.21868208050727844,0.5759099721908569,-3.122786521911621,0.20724274218082428,0.023969576835632323,3964.007699251175,160000
21.32953643798828,0.0540088452398777,-7.405311584472656,0.01345095969736576,1.0,12.279622077941895,-11.449155807495117,325.23919677734375,1.224930763244629,7.694554328918457,-32.328277587890625,-150.49571228027344,8.686225891113281,-32.141685485839844,-150.48504638671875,0.40375959873199463,0.9269620180130005,1.0,0.22352825105190277,0.22352825105190277,0.5857526063919067,-3.108643054962158,0.2154017686843872,0.02398056960105896,3987.9882776737213,161000
17.120738983154297,0.05019292235374451,-7.423948764801025,0.018110215663909912,1.0,56.16679763793945,-47.75372314453125,1340.5244140625,28.010839462280273,9.029975891113281,-32.73768615722656,-150.22763061523438,10.924983024597168,-32.445350646972656,-150.17991638183594,7.678688049316406,0.9005285501480103,1.0,0.22824959456920624,0.22824959456920624,0.6423684358596802,-2.9699699878692627,0.2127995491027832,0.023968713760375977,4011.9570004940033,162000
18.82461929321289,0.04776448756456375,-7.423186302185059,0.017919590696692467,1.0,46.41706085205078,-42.16194534301758,541.431640625,2.229931354522705,7.479519844055176,-32.270469665527344,-180.3825225830078,6.889037132263184,-32.07363510131836,-151.4112091064453,0.6333250999450684,0.9100612998008728,1.0,0.22067967057228088,0.22067967057228088,0.6029198169708252,-3.18778920173645,0.22131234407424927,0.02396641159057617,4035.923421382904,163000
21.311119079589844,0.04460246115922928,-7.416147708892822,0.016159944236278534,1.0,18.36959457397461,-15.670653343200684,448.73675537109375,2.3152565956115723,6.3261518478393555,-33.289207458496094,-152.58023071289062,10.048798561096191,-33.18941879272461,-153.0689239501953,0.5164962410926819,0.9210820198059082,1.0,0.21386723220348358,0.21386723220348358,0.5246851444244385,-3.019763469696045,0.25941282510757446,0.023968939542770386,4059.892369747162,164000
21.041358947753906,0.048223912715911865,-7.427328586578369,0.018955128267407417,1.0,43.45105743408203,-38.49809646606445,772.8783569335938,3.0920214653015137,4.99097204208374,-33.76072692871094,-151.13128662109375,6.274982929229736,-33.47335433959961,-151.64776611328125,1.018232822418213,0.8995348215103149,1.0,0.23582999408245087,0.23582999408245087,0.606654167175293,-3.284618854522705,0.2506445646286011,0.023967009067535402,4083.859388589859,165000
19.065509796142578,0.04593285918235779,-7.424250602722168,0.018185608088970184,1.0,100.53446197509766,-92.37226104736328,1748.316650390625,15.898503303527832,8.981650352478027,-30.591567993164062,-151.27059936523438,10.431222915649414,-30.376237869262695,-152.14132690429688,0.837363600730896,0.9121960997581482,1.0,0.21319861710071564,0.21319861710071564,0.5929868221282959,-3.015423536300659,0.2695930302143097,0.023975173473358154,4107.834571361542,166000
17.616127014160156,0.057562652975320816,-7.4110918045043945,0.014895869418978691,1.0,95.50578308105469,-83.63306427001953,1331.7484130859375,2.589682102203369,7.5386962890625,-36.063331604003906,-150.40052795410156,8.526061058044434,-35.90831756591797,-150.97012329101562,0.31321418285369873,0.9099666476249695,1.0,0.21502523124217987,0.21502523124217987,0.5613127946853638,-3.2900357246398926,0.25465330481529236,0.02396835398674011,4131.802934408188,167000
21.420677185058594,0.06311322748661041,-7.4145426750183105,0.015758691355586052,1.0,25.42023468017578,-27.257305145263672,741.0867919921875,1.581099510192871,8.408449172973633,-33.15385818481445,-149.5498504638672,10.130431175231934,-32.850189208984375,-150.26235961914062,0.7058418989181519,0.8899250030517578,1.0,0.201887845993042,0.201887845993042,0.5435185432434082,-3.177821159362793,0.25083163380622864,0.02396665644645691,4155.769599914551,168000
19.59326171875,0.05152473598718643,-7.415426254272461,0.015979673713445663,1.0,9.312891006469727,-9.354239463806152,338.0447692871094,1.7997463941574097,7.717517852783203,-33.702327728271484,-150.95431518554688,7.927833080291748,-33.54460144042969,-151.4320068359375,0.3107481896877289,0.9078125357627869,1.0,0.21960873901844025,0.21960873901844025,0.5648242235183716,-3.1615068912506104,0.23735541105270386,0.02396627163887024,4179.735880613327,169000
19.5007266998291,0.048316821455955505,-7.433553218841553,0.020511237904429436,1.0,15.412015914916992,-12.552446365356445,353.664306640625,1.3649612665176392,8.014134407043457,-33.10663604736328,-171.94322204589844,9.185686111450195,-32.937374114990234,-151.858154296875,0.5338301658630371,0.9098712801933289,1.0,0.20124125480651855,0.20124125480651855,0.5240851640701294,-3.204463481903076,0.2171548306941986,0.02396550273895264,4203.701392173767,170000
19.369640350341797,0.047934580594301224,-7.428691387176514,0.019295766949653625,1.0,5.837214469909668,-4.934875965118408,223.2158203125,1.5478949546813965,6.235424518585205,-34.645042419433594,-152.3334503173828,6.95359468460083,-34.516910552978516,-152.86207580566406,0.4266502857208252,0.9254792332649231,1.0,0.22929368913173676,0.22929368913173676,0.5834263563156128,-3.247936725616455,0.2333918958902359,0.023981635570526124,4227.683036327362,171000
14.871651649475098,0.04207857698202133,-7.437897682189941,0.021597376093268394,1.0,62.88544845581055,-66.55318450927734,1112.268310546875,23.809438705444336,9.459287643432617,-33.2671012878418,-146.12271118164062,11.381726264953613,-33.01280212402344,-146.58859252929688,6.2976531982421875,0.8963615298271179,1.0,0.21404893696308136,0.21404893696308136,0.6407883167266846,-2.9646143913269043,0.18430626392364502,0.02396524906158447,4251.648293972015,172000
19.86042022705078,0.04880658537149429,-7.428631782531738,0.019280921667814255,1.0,6.797861099243164,-6.436272144317627,217.7811279296875,1.474259376525879,5.7163567543029785,-33.86953353881836,-147.4227752685547,7.4646897315979,-33.726806640625,-147.93260192871094,0.3490694761276245,0.8960444331169128,1.0,0.20273315906524658,0.20273315906524658,0.6687890291213989,-3.268497943878174,0.21488505601882935,0.023965281009674072,4275.6135840415955,173000
21.364944458007812,0.05625922977924347,-7.416657447814941,0.016287317499518394,1.0,76.28260040283203,-67.65782165527344,1025.3251953125,4.226625919342041,7.914585113525391,-34.92070007324219,-145.6109161376953,9.20694351196289,-34.75075149536133,-146.032470703125,0.5142526626586914,0.9006174206733704,1.0,0.201788529753685,0.201788529753685,0.6036418676376343,-3.2789993286132812,0.24237465858459473,0.023963336229324343,4299.576929092407,174000
22.196514129638672,0.04690250754356384,-7.413054943084717,0.01538669504225254,1.0,44.75265121459961,-49.09252166748047,1084.7884521484375,1.8917064666748047,6.971181869506836,-33.78474426269531,-144.50987243652344,7.126944065093994,-33.74467086791992,-144.95947265625,0.8177617788314819,0.9181167483329773,1.0,0.22158996760845184,0.22158996760845184,0.6007546186447144,-3.1834747791290283,0.26038697361946106,0.023961850881576537,4323.538789272308,175000
19.30657386779785,0.05419328808784485,-7.420140266418457,0.01715799793601036,1.0,23.188446044921875,-26.193185806274414,921.5997314453125,5.757641315460205,11.526156425476074,-32.30938720703125,-147.3600311279297,13.077322006225586,-31.999618530273438,-147.83840942382812,1.6963382959365845,0.870104968547821,1.0,0.2041826695203781,0.2041826695203781,0.5842016339302063,-3.2254090309143066,0.28243035078048706,0.024202277421951295,4347.7410752773285,176000
24.198423385620117,0.05914774909615517,-7.414545059204102,0.015759240835905075,1.0,18.955608367919922,-16.541339874267578,295.9345703125,1.7581806182861328,7.273954391479492,-33.58650207519531,-144.5526580810547,9.550192832946777,-33.46037292480469,-145.0032958984375,0.45804673433303833,0.9048488736152649,1.0,0.21790456771850586,0.21790456771850586,0.6206163763999939,-3.126758575439453,0.23342090845108032,0.023964088439941408,4371.705172300339,177000
23.034217834472656,0.058241214603185654,-7.408944129943848,0.014358972199261189,1.0,10.229366302490234,-11.853413581848145,252.54434204101562,1.7133084535598755,6.883060455322266,-34.94389343261719,-144.1416778564453,9.20102310180664,-34.80131530761719,-144.4949188232422,0.45190557837486267,0.9281584024429321,1.0,0.24912934005260468,0.24912934005260468,0.6242581605911255,-3.62646746635437,0.22053435444831848,0.023976308584213256,4395.681489467621,178000
21.992298126220703,0.05514960363507271,-7.4164018630981445,0.016223447397351265,1.0,19.24416160583496,-23.111492156982422,596.7230834960938,1.8771159648895264,5.289260387420654,-33.791778564453125,-142.2431182861328,6.632641315460205,-33.645912170410156,-142.67660522460938,0.3368309438228607,0.917453408241272,1.0,0.22732634842395782,0.22732634842395782,0.5833852291107178,-3.371946334838867,0.2409447729587555,0.023963508605957032,4419.645006418228,179000
22.82858657836914,0.04987553879618645,-7.408332824707031,0.014206118881702423,1.0,11.542065620422363,-10.456846237182617,362.1661071777344,2.575589179992676,7.621033668518066,-34.141448974609375,-142.65855407714844,8.070619583129883,-34.14501190185547,-143.08944702148438,0.7706606388092041,0.8954812288284302,1.0,0.21034760773181915,0.21034760773181915,0.5942977070808411,-3.2665650844573975,0.25398993492126465,0.023962023496627807,4443.607039451599,180000
21.724830627441406,0.05546309053897858,-7.411187171936035,0.014919891953468323,1.0,18.880233764648438,-16.800939559936523,299.219970703125,4.1632280349731445,9.708303451538086,-33.38821792602539,-143.419921875,11.32797622680664,-33.189781188964844,-144.27215576171875,0.9362179636955261,0.899324357509613,1.0,0.19888076186180115,0.19888076186180115,0.6278390884399414,-3.1170923709869385,0.216825932264328,0.02411851739883423,4467.725565195084,181000
20.005870819091797,0.04231444001197815,-7.425241470336914,0.0184333473443985,1.0,6.4987263679504395,-7.968643665313721,252.30882263183594,1.8283109664916992,10.750346183776855,-34.200279235839844,-144.55728149414062,10.676660537719727,-34.082252502441406,-144.9940948486328,0.3126739263534546,0.9146442413330078,1.0,0.22398586571216583,0.22398586571216583,0.6401437520980835,-3.2764739990234375,0.23693224787712097,0.023983894348144533,4491.709468603134,182000
22.920103073120117,0.05946771055459976,-7.407505989074707,0.013999493792653084,1.0,6.160434722900391,-7.2863450050354,215.64724731445312,1.2026855945587158,6.9474897384643555,-34.595733642578125,-143.19686889648438,9.218220710754395,-34.40886688232422,-143.6517333984375,0.3360356092453003,0.9307138323783875,1.0,0.21402589976787567,0.21402589976787567,0.581997275352478,-3.327974319458008,0.2276102900505066,0.023969489574432373,4515.678966999054,183000
19.864181518554688,0.05240654572844505,-7.419809341430664,0.017075316980481148,1.0,10.373818397521973,-11.030158042907715,281.8331298828125,1.092394471168518,8.816885948181152,-33.98760986328125,-142.00064086914062,8.886369705200195,-33.84077835083008,-142.4248809814453,0.39714205265045166,0.9065530896186829,1.0,0.22351466119289398,0.22351466119289398,0.5886592864990234,-3.3067233562469482,0.2481471300125122,0.023967034578323363,4539.646010637283,184000
19.428903579711914,0.04776603728532791,-7.418463706970215,0.016738906502723694,1.0,14.03076457977295,-15.622818946838379,495.2418212890625,2.253100872039795,6.999502182006836,-33.899017333984375,-141.40525817871094,8.416732788085938,-33.825050354003906,-141.8056182861328,0.6130344867706299,0.9062747359275818,1.0,0.2070925235748291,0.2070925235748291,0.5202284455299377,-3.1851797103881836,0.2322852611541748,0.023964383602142335,4563.6104028224945,185000
22.792259216308594,0.05475335568189621,-7.440109729766846,0.02215031534433365,1.0,42.415428161621094,-38.511077880859375,1024.1864013671875,5.969555854797363,6.776257038116455,-34.84364318847656,-141.28610229492188,7.009273529052734,-34.800025939941406,-142.36788940429688,0.6029064655303955,0.9305164217948914,1.0,0.21774974465370178,0.21774974465370178,0.544527530670166,-3.1899008750915527,0.2437470555305481,0.023981175899505616,4587.59158873558,186000
25.293663024902344,0.04916830360889435,-7.431486129760742,0.019994422793388367,1.0,8.552787780761719,-9.180652618408203,294.9666748046875,1.7780437469482422,8.593827247619629,-34.54646301269531,-157.73855590820312,8.391828536987305,-34.43192672729492,-141.10784912109375,0.7154870629310608,0.9092355966567993,1.0,0.20759542286396027,0.20759542286396027,0.5863198041915894,-3.3093326091766357,0.22592513263225555,0.023966676235198974,4611.55827331543,187000
19.248104095458984,0.05820540338754654,-7.414229393005371,0.015680409967899323,1.0,9.488251686096191,-9.235099792480469,374.8214111328125,1.210540533065796,7.351888656616211,-33.62421417236328,-135.93505859375,7.537012100219727,-33.41022491455078,-135.89785766601562,0.5592566132545471,0.9240362048149109,1.0,0.3268831670284271,0.3268831670284271,0.6349301338195801,-3.2098312377929688,0.23192843794822693,0.023970125436782837,4635.528407096863,188000
22.918720245361328,0.047277338802814484,-7.435181617736816,0.020918380469083786,1.0,717.723876953125,-872.4784545898438,6339.2626953125,90.10287475585938,6.317975044250488,-34.11569595336914,-137.3800506591797,7.276828765869141,-33.89765167236328,-137.78744506835938,0.596307635307312,0.9029486775398254,1.0,0.21616537868976593,0.21616537868976593,0.628516674041748,-3.310831069946289,0.2741192579269409,0.023969136476516724,4659.49755191803,189000
20.717689514160156,0.056634336709976196,-7.412790298461914,0.015320559032261372,1.0,13.551486015319824,-11.51972484588623,334.56256103515625,15.805583000183105,9.453493118286133,-32.697906494140625,-138.3086395263672,10.725719451904297,-32.515140533447266,-138.98867797851562,0.44980520009994507,0.9045366644859314,1.0,0.2084064930677414,0.2084064930677414,0.5660560131072998,-2.957677125930786,0.3623562157154083,0.02396187496185303,4683.459435939789,190000
24.41663932800293,0.06091967970132828,-7.408448696136475,0.014235114678740501,1.0,7.128170967102051,-7.679902076721191,230.451171875,1.661657691001892,7.389845848083496,-33.48267364501953,-137.76026916503906,7.799509525299072,-33.36481857299805,-138.1416778564453,0.42136189341545105,0.9175310134887695,1.0,0.2291114330291748,0.2291114330291748,0.5405184030532837,-3.082566976547241,0.23698106408119202,0.02398853611946106,4707.447981119156,191000
20.782894134521484,0.05324042961001396,-7.436385631561279,0.02121933549642563,1.0,39.11357116699219,-42.631561279296875,918.4449462890625,16.349863052368164,19.926057815551758,-33.92289733886719,-136.04322814941406,22.594894409179688,-33.152278900146484,-136.40084838867188,5.921176910400391,0.89348965883255,1.0,0.20383262634277344,0.20383262634277344,0.553653359413147,-3.4043617248535156,0.25318610668182373,0.023966321945190428,4731.414311885834,192000
19.44411277770996,0.051143161952495575,-7.407577991485596,0.014017423614859581,1.0,29.524831771850586,-36.05729675292969,606.2578125,2.083590269088745,6.933976173400879,-33.84407424926758,-135.02838134765625,9.616189002990723,-33.61791229248047,-135.36135864257812,0.8532969951629639,0.9113706946372986,1.0,0.21662954986095428,0.21662954986095428,0.5994998216629028,-3.1990952491760254,0.22784866392612457,0.023964951276779174,4755.379271745682,193000
18.67381477355957,0.05446027219295502,-7.3986921310424805,0.011795945465564728,1.0,12.730883598327637,-15.457067489624023,262.802490234375,1.35732102394104,10.371329307556152,-35.87406921386719,-136.2330780029297,8.854747772216797,-35.78064727783203,-136.60597229003906,0.60284024477005,0.9106695055961609,1.0,0.22571097314357758,0.22571097314357758,0.5452220439910889,-3.3709566593170166,0.22107255458831787,0.02396552872657776,4779.344813585281,194000
20.98764991760254,0.0494956374168396,-7.40346097946167,0.012988192960619926,1.0,24.2096004486084,-25.01593589782715,520.6107177734375,1.9402060508728027,7.230434417724609,-33.585601806640625,-135.86717224121094,9.126113891601562,-33.57624435424805,-136.24879455566406,0.5658902525901794,0.9228286743164062,1.0,0.22091923654079437,0.22091923654079437,0.5686532258987427,-3.170370578765869,0.26452428102493286,0.023968053102493288,4803.3128752708435,195000
21.63349151611328,0.050697050988674164,-7.418550491333008,0.016760466620326042,1.0,14.822659492492676,-13.282692909240723,520.365234375,2.2711896896362305,9.160776138305664,-33.60479736328125,-135.0884246826172,9.20695972442627,-33.46489715576172,-135.48004150390625,1.4191739559173584,0.9194178581237793,1.0,0.21785660088062286,0.21785660088062286,0.5248821377754211,-3.1084485054016113,0.23560309410095215,0.023976654767990112,4827.289538860321,196000
25.485652923583984,0.05895977467298508,-7.417600154876709,0.016523001715540886,1.0,9.095925331115723,-9.389384269714355,297.5599365234375,1.7593967914581299,8.433834075927734,-34.910614013671875,-133.1292266845703,10.681947708129883,-34.739707946777344,-133.45538330078125,0.36557692289352417,0.9096865653991699,1.0,0.2065521776676178,0.2065521776676178,0.5996812582015991,-3.0952892303466797,0.216549351811409,0.023987099170684815,4851.276648759842,197000
20.370309829711914,0.05467963218688965,-7.418102264404297,0.016648679971694946,1.0,104.01347351074219,-114.6928482055664,1483.321044921875,7.7035040855407715,8.662306785583496,-35.34871292114258,-133.12672424316406,9.003485679626465,-35.260772705078125,-133.43524169921875,0.3354676365852356,0.927493691444397,1.0,0.2378302663564682,0.2378302663564682,0.5718456506729126,-3.2620930671691895,0.22576650977134705,0.024005467653274538,4875.28212761879,198000
22.32736587524414,0.04477327689528465,-7.4138031005859375,0.015573760494589806,1.0,9.102680206298828,-10.699175834655762,393.1340026855469,2.2102174758911133,7.366787910461426,-32.47479248046875,-132.5769500732422,9.385763168334961,-32.23799133300781,-132.94430541992188,0.7845173478126526,0.9134477972984314,1.0,0.20723283290863037,0.20723283290863037,0.5729201436042786,-3.078029155731201,0.24312222003936768,0.0239715416431427,4899.25367808342,199000
20.901702880859375,0.056066349148750305,-7.407515525817871,0.014001885429024696,1.0,5.893998146057129,-7.229717254638672,169.950927734375,1.2081031799316406,6.625982284545898,-35.14658737182617,-131.2008056640625,10.51644229888916,-35.03050994873047,-131.2297821044922,0.4543798565864563,0.891789436340332,1.0,0.2251223772764206,0.2251223772764206,0.5782266855239868,-3.182516574859619,0.23370110988616943,0.023968283891677857,4923.221971035004,200000
