training/actor/actor_loss,training/actor/adv,training/actor/bc_log_prob,training/actor/mse,training/actor/std,training/grad/max,training/grad/min,training/grad/norm,training/rep/critic_loss,training/rep/q_max,training/rep/q_mean,training/rep/q_min,training/rep/v_max,training/rep/v_mean,training/rep/v_min,training/rep/value_loss,training/value/resistance,training/value/v_mean,training/value/value_loss,time/epoch_time,time/total_time,step
23.80951690673828,0.061738405376672745,-7.605762481689453,0.0635637640953064,1.0,1.8944358825683594,-1.753509521484375,41.81761169433594,0.7975804209709167,0.0,-2.1354894638061523,-4.717216491699219,-0.3224177658557892,-1.5778264999389648,-3.754768133163452,0.014196673408150673,0.7648302912712097,-2.361884593963623,0.157156303524971,0.4203497250080109,420.3527994155884,1000
68.5474853515625,0.09699102491140366,-7.601067066192627,0.062389884144067764,1.0,1.9668667316436768,-1.9249720573425293,87.89119720458984,0.7806047797203064,0.0,-4.247460842132568,-9.001919746398926,0.13721737265586853,-3.7041444778442383,-7.930610656738281,0.0441974475979805,0.9828920364379883,-3.9032349586486816,0.13223415613174438,0.4203356120586395,840.688446521759,2000
123.91504669189453,0.15641573071479797,-7.567681789398193,0.05404338985681534,1.0,1.820219874382019,-2.8988640308380127,102.11497497558594,0.7578362226486206,0.0,-6.350137710571289,-13.570694923400879,0.30673718452453613,-5.791665554046631,-12.715020179748535,0.12976424396038055,0.6447675228118896,-5.4058332443237305,0.16321098804473877,0.4199573452472687,1260.645815372467,3000
125.25323486328125,0.17498356103897095,-7.594542980194092,0.06075868755578995,1.0,3.203094005584717,-6.781973361968994,188.8955841064453,0.8328443169593811,0.0,-8.787160873413086,-17.90359115600586,0.5657198429107666,-8.305747985839844,-17.074356079101562,0.14277604222297668,1.6568572521209717,-6.368919849395752,1.719583511352539,0.42114036989212034,1681.7862272262573,4000
192.80162048339844,0.21160726249217987,-7.531078338623047,0.044892530888319016,1.0,4.504556655883789,-5.009326934814453,160.80404663085938,0.7888199090957642,0.2574310004711151,-10.355525016784668,-22.355100631713867,1.3069844245910645,-9.853729248046875,-21.365467071533203,0.14110425114631653,1.6108568906784058,-8.580551147460938,0.22273489832878113,0.42081081771850587,2102.597074508667,5000
217.02581787109375,0.23854006826877594,-7.50417423248291,0.038166582584381104,1.0,12.059085845947266,-11.738557815551758,272.1884460449219,1.4740866422653198,1.4450005292892456,-12.05861759185791,-26.846433639526367,2.2179782390594482,-11.583913803100586,-26.46959686279297,0.15397600829601288,1.7923425436019897,-9.543403625488281,0.1918320655822754,0.42487944173812864,2527.4798018932343,6000
236.46853637695312,0.3035411834716797,-7.521595001220703,0.04252184182405472,1.0,6.52091646194458,-6.295890808105469,246.6168212890625,2.5521585941314697,3.4239628314971924,-13.1255464553833,-31.99457359313965,3.091129779815674,-12.706548690795898,-31.02932357788086,0.36242735385894775,2.2408597469329834,-10.819374084472656,0.30601099133491516,0.42300427675247193,2950.484108686447,7000
260.1367492675781,0.345568984746933,-7.508481502532959,0.039243269711732864,1.0,4.667018413543701,-4.088644981384277,209.6555633544922,1.1409809589385986,4.116695404052734,-14.990842819213867,-34.22356033325195,5.5717363357543945,-14.517528533935547,-33.55914306640625,0.5683751702308655,2.933349370956421,-12.889693260192871,0.4284856915473938,0.4211813657283783,3371.6655123233795,8000
268.3362121582031,0.3465750813484192,-7.543397903442383,0.04797272011637688,1.0,8.617878913879395,-10.328126907348633,328.80950927734375,1.4573818445205688,5.946651935577393,-14.460454940795898,-38.782344818115234,7.847121238708496,-14.046177864074707,-38.16399383544922,0.40077948570251465,2.708109140396118,-12.849702835083008,0.11700883507728577,0.4230053858757019,3794.6709349155426,9000
287.17572021484375,0.3649367392063141,-7.531271457672119,0.044941194355487823,1.0,5.142720699310303,-5.979560852050781,349.940185546875,2.115299940109253,6.596795558929443,-15.976859092712402,-42.468711853027344,8.702831268310547,-15.520716667175293,-41.73411560058594,0.4703958034515381,3.1512227058410645,-14.148052215576172,0.21114376187324524,0.4206763265132904,4215.347288608551,10000
295.2368469238281,0.41685089468955994,-7.495518684387207,0.03600280359387398,1.0,63.26349639892578,-53.78657150268555,885.2017822265625,1.6472843885421753,6.35260534286499,-16.845550537109375,-45.44565200805664,8.040907859802246,-16.491737365722656,-44.89457702636719,0.544138491153717,3.097576141357422,-14.453282356262207,0.25916972756385803,0.4220121624469757,4637.3594880104065,11000
300.67071533203125,0.4182552993297577,-7.486534118652344,0.033756520599126816,1.0,11.413211822509766,-13.079176902770996,532.4224853515625,4.90781307220459,6.482429027557373,-17.83330535888672,-48.561927795410156,7.70125675201416,-17.280704498291016,-48.04231262207031,1.1730653047561646,2.618844509124756,-16.151084899902344,0.4470851421356201,0.4185450251102448,5055.9045424461365,12000
309.47601318359375,0.39060178399086,-7.479855060577393,0.03208667039871216,1.0,9.65078067779541,-8.673733711242676,313.210205078125,1.6893266439437866,7.5167083740234375,-18.65618324279785,-52.682464599609375,7.292333126068115,-18.28876495361328,-52.204429626464844,0.35171905159950256,2.402190923690796,-17.135740280151367,0.8798019886016846,0.42146965098381045,5477.374226093292,13000
287.88995361328125,0.3788972795009613,-7.5050883293151855,0.03839520737528801,1.0,7.320878028869629,-6.608406066894531,514.366455078125,1.9939998388290405,5.717051029205322,-18.693889617919922,-55.758018493652344,6.702332973480225,-18.33266830444336,-55.31114196777344,0.49555453658103943,3.3725781440734863,-16.060888290405273,0.40221989154815674,0.42304165148735046,5900.415896654129,14000
302.6683349609375,0.36463260650634766,-7.560390949249268,0.05222103372216225,1.0,6.281040191650391,-6.507038116455078,411.8912048339844,2.0558714866638184,5.341076850891113,-17.717906951904297,-58.516422271728516,6.480634689331055,-17.35137176513672,-58.097503662109375,0.46273547410964966,2.976113796234131,-15.835237503051758,0.18334868550300598,0.42039792680740357,6320.81387591362,15000
289.1952819824219,0.3668988347053528,-7.477237701416016,0.031432587653398514,1.0,128.99632263183594,-130.22174072265625,1726.631103515625,2.823377847671509,5.130504131317139,-19.76458740234375,-64.28626251220703,5.823869705200195,-19.474912643432617,-63.926361083984375,0.5707266330718994,3.4164798259735107,-17.65572166442871,0.3641260266304016,0.4227964882850647,6743.610397338867,16000
319.2965087890625,0.3899599611759186,-7.462378978729248,0.0277175884693861,1.0,23.617666244506836,-20.891098022460938,689.1500244140625,3.548920154571533,7.907024383544922,-19.87497329711914,-70.83317565917969,8.364893913269043,-19.628040313720703,-70.53822326660156,0.8768798112869263,4.313279628753662,-16.73580551147461,2.267117977142334,0.4225088768005371,7166.119303703308,17000
315.7528381347656,0.3584217131137848,-7.482618808746338,0.032777879387140274,1.0,12.789590835571289,-11.998729705810547,334.1229248046875,8.662646293640137,5.625228404998779,-20.4029541015625,-75.30894470214844,7.424530982971191,-20.04937744140625,-75.06059265136719,0.4984031021595001,2.942915678024292,-18.30910873413086,0.19683775305747986,0.42178535723686217,7587.904686689377,18000
309.6611633300781,0.3503226637840271,-7.517874240875244,0.04159163311123848,1.0,10.987821578979492,-13.096857070922852,457.75750732421875,9.165124893188477,6.946638107299805,-21.275381088256836,-80.29193115234375,8.642361640930176,-20.80245590209961,-80.08633422851562,0.530433177947998,2.727071762084961,-18.064359664916992,0.3123415410518646,0.4225914492607117,8010.496164083481,19000
308.7122802734375,0.4039291441440582,-7.479393005371094,0.03197126463055611,1.0,100.77790832519531,-104.64077758789062,1407.4586181640625,9.954031944274902,5.488562107086182,-21.361064910888672,-87.38731384277344,6.737712383270264,-20.90150260925293,-87.26429748535156,0.656831681728363,2.5280699729919434,-18.472915649414062,1.1575167179107666,0.42150416803359986,8432.000362873077,20000
301.7179260253906,0.3447936773300171,-7.47823429107666,0.031681738793849945,1.0,9.794387817382812,-11.444256782531738,339.2222900390625,2.4991323947906494,8.074006080627441,-22.473176956176758,-91.46284484863281,8.776909828186035,-22.101877212524414,-91.3685073852539,0.6093100309371948,2.7353758811950684,-17.408222198486328,0.3023452162742615,0.42139024209976195,8853.390633583069,21000
321.7861328125,0.3490188717842102,-7.494080066680908,0.03564318269491196,1.0,23.309558868408203,-22.863483428955078,780.1400756835938,17.042051315307617,5.760933876037598,-22.71954917907715,-90.42295837402344,8.176277160644531,-22.198463439941406,-90.32688903808594,2.319786310195923,2.806795597076416,-18.97382164001465,1.0123941898345947,0.419115273475647,9272.505936145782,22000
316.50054931640625,0.3756994605064392,-7.49765682220459,0.03653720021247864,1.0,9.221546173095703,-15.522285461425781,396.5758056640625,2.132852792739868,5.028564453125,-22.969249725341797,-100.98160552978516,7.978663921356201,-22.612071990966797,-100.99629974365234,0.7333672642707825,3.8269526958465576,-18.335567474365234,0.5387710332870483,0.4201592879295349,9692.665256500244,23000
234.0740966796875,0.28046247363090515,-7.775488376617432,0.10599510371685028,1.0,21.938940048217773,-24.8732967376709,691.5006103515625,13.340641975402832,8.245122909545898,-21.932235717773438,-101.1469955444336,8.053616523742676,-21.645912170410156,-101.15924072265625,3.5348715782165527,4.435571193695068,-15.247930526733398,2.4210376739501953,0.41981070876121523,10112.476017713547,24000
271.0351867675781,0.3375183045864105,-7.608954906463623,0.06436198204755783,1.0,21.327598571777344,-22.214771270751953,656.777587890625,8.717588424682617,7.830379962921143,-23.51707649230957,-104.5091781616211,7.464438438415527,-23.09096336364746,-104.54154205322266,0.565112292766571,4.800282001495361,-17.10985565185547,0.2661738395690918,0.42159869813919065,10534.074774980545,25000
284.7555236816406,0.34218207001686096,-7.607973098754883,0.06411617994308472,1.0,7.531404972076416,-7.329989433288574,453.6023254394531,2.0073206424713135,8.259902000427246,-23.151151657104492,-108.60916137695312,11.169833183288574,-22.841426849365234,-108.69458770751953,0.6508006453514099,4.6074676513671875,-17.36591339111328,0.5456207990646362,0.4217129466533661,10955.788261175156,26000
291.2027893066406,0.3313477039337158,-7.492181777954102,0.03516841307282448,1.0,17.06726837158203,-20.2012882232666,501.8359069824219,2.9354631900787354,8.38454818725586,-22.796127319335938,-109.00312805175781,9.951736450195312,-22.534622192382812,-109.09479522705078,0.6172326803207397,3.9976279735565186,-16.994653701782227,1.503090262413025,0.4209583594799042,11376.746656179428,27000
302.4981384277344,0.3690418601036072,-7.445937633514404,0.023607145994901657,1.0,14.684103965759277,-13.128042221069336,629.8897705078125,3.099640369415283,8.81942081451416,-24.37787628173828,-113.33470153808594,9.922483444213867,-24.085641860961914,-113.47306823730469,0.7174484729766846,4.239080429077148,-17.8671817779541,0.9496874809265137,0.4221496458053589,11798.896350622177,28000
297.1024169921875,0.34617501497268677,-7.492270469665527,0.03519047796726227,1.0,12.428742408752441,-12.315732955932617,487.3418884277344,3.416030168533325,13.249890327453613,-23.151586532592773,-115.20193481445312,14.596315383911133,-22.75233268737793,-115.36956787109375,0.7405906319618225,3.72078800201416,-16.10276222229004,0.34932035207748413,0.42081944084167483,12219.715837478638,29000
319.4905700683594,0.3627449572086334,-7.482431888580322,0.03273092210292816,1.0,9.178606986999512,-13.877800941467285,421.9836120605469,2.3619489669799805,9.615823745727539,-25.054216384887695,-116.26557159423828,10.46873950958252,-24.73780059814453,-116.4477310180664,0.6737525463104248,3.213191270828247,-18.23707389831543,0.24273154139518738,0.4228390872478485,12642.55497121811,30000
324.5575256347656,0.3597451150417328,-7.54365348815918,0.04803641512989998,1.0,43.569366455078125,-42.41083526611328,1250.188720703125,4.999891757965088,11.013748168945312,-24.43844223022461,-118.4459457397461,12.01131820678711,-23.977746963500977,-118.63642120361328,1.517315149307251,3.1454944610595703,-16.806459426879883,1.6637377738952637,0.4213342571258545,13063.889256477356,31000
296.981201171875,0.2998170554637909,-7.570620059967041,0.05477806180715561,1.0,29.094646453857422,-31.398468017578125,1011.0736083984375,4.670718193054199,7.932562351226807,-23.08817481994629,-108.98307800292969,9.652886390686035,-22.620180130004883,-109.03722381591797,0.9946140050888062,3.474710702896118,-16.14775848388672,1.118699073791504,0.4215545814037323,13485.443876743317,32000
295.6555480957031,0.29302462935447693,-7.481508731842041,0.032499946653842926,1.0,160.36392211914062,-167.95614624023438,2535.441650390625,27.55824089050293,7.892844200134277,-24.446149826049805,-119.49627685546875,7.8077073097229,-24.201950073242188,-119.69539642333984,1.0405781269073486,3.450108528137207,-16.665616989135742,0.7385544776916504,0.42067728281021116,13906.121187925339,33000
312.93206787109375,0.3382891118526459,-7.473022937774658,0.030378835275769234,1.0,35.031856536865234,-37.235225677490234,657.453857421875,3.253761053085327,9.21638011932373,-25.15983772277832,-110.56364440917969,11.348011016845703,-24.84219741821289,-110.67079162597656,0.915127694606781,3.063340425491333,-17.41887664794922,0.35252636671066284,0.42241751980781556,14328.538737773895,34000
336.68768310546875,0.3558146357536316,-7.48703145980835,0.03388110548257828,1.0,43.6418342590332,-44.12266159057617,1052.6103515625,16.41657257080078,5.9402756690979,-27.470733642578125,-108.6549301147461,8.34207534790039,-27.121784210205078,-108.74576568603516,1.0419893264770508,3.580587148666382,-20.100914001464844,0.4980965256690979,0.4213096504211426,14749.848412275314,35000
311.8442687988281,0.31183817982673645,-7.5203351974487305,0.04220680892467499,1.0,69.50272369384766,-83.32038116455078,1268.4547119140625,9.522642135620117,5.830458641052246,-25.000988006591797,-105.12664031982422,6.798966407775879,-24.510658264160156,-105.18058776855469,0.8997759819030762,4.183562278747559,-18.104846954345703,0.48835545778274536,0.4211761045455933,15171.024545192719,36000
300.3490295410156,0.2897908091545105,-7.489433288574219,0.03448118641972542,1.0,26.51888656616211,-32.06342697143555,1003.6436767578125,15.382384300231934,9.251119613647461,-24.730316162109375,-100.5958480834961,8.87358570098877,-24.429729461669922,-100.59358215332031,0.8251139521598816,3.5892789363861084,-18.276119232177734,2.9102420806884766,0.4208314583301544,15591.856046915054,37000
298.8970947265625,0.2973783314228058,-7.498058795928955,0.036637887358665466,1.0,10.027565956115723,-9.260350227355957,453.97784423828125,2.636565685272217,8.508708000183105,-26.033618927001953,-105.10446166992188,8.357501029968262,-25.74212074279785,-105.15241241455078,0.8524402379989624,4.8500165939331055,-17.808420181274414,7.755468368530273,0.4222505738735199,16014.106653928757,38000
304.6109313964844,0.2908100187778473,-7.457666873931885,0.02653982862830162,1.0,14.559415817260742,-19.772899627685547,593.9523315429688,2.7873101234436035,6.602020740509033,-25.851594924926758,-107.80845642089844,7.53533935546875,-25.515804290771484,-107.87625885009766,1.8500301837921143,3.975790023803711,-17.511581420898438,2.4679923057556152,0.42382865834236144,16437.93535232544,39000
302.1412048339844,0.2792189121246338,-7.4592084884643555,0.02692495472729206,1.0,174.47364807128906,-174.2893829345703,2343.640625,8.33695125579834,6.1740946769714355,-26.170915603637695,-110.50171661376953,7.6334099769592285,-25.82700538635254,-110.60633850097656,2.454941511154175,3.717247247695923,-18.87407875061035,0.35605955123901367,0.42150593185424806,16859.441326618195,40000
322.1629638671875,0.2705989480018616,-7.49402379989624,0.03562891110777855,1.0,45.389892578125,-51.97008514404297,779.3737182617188,2.889220952987671,6.609780311584473,-26.826601028442383,-107.90965270996094,7.530427932739258,-26.46884536743164,-107.52242279052734,1.8386186361312866,3.713698387145996,-21.102874755859375,0.4795476794242859,0.4226660521030426,17282.107414245605,41000
316.91802978515625,0.22580069303512573,-7.495535373687744,0.036006905138492584,1.0,95.18534088134766,-116.31410217285156,1605.899169921875,10.808448791503906,6.918554782867432,-27.336511611938477,-106.55563354492188,8.573925018310547,-27.107284545898438,-106.6226577758789,0.6806638240814209,3.5009217262268066,-19.661853790283203,0.7117181420326233,0.42314123463630676,17705.24867749214,42000
286.5250244140625,0.14505530893802643,-7.485722064971924,0.033553365617990494,1.0,267.5849609375,-262.5407409667969,2760.486328125,6.175881862640381,9.568388938903809,-29.291372299194336,-106.74201965332031,9.185276985168457,-28.872055053710938,-106.80947875976562,1.7652833461761475,3.4730167388916016,-19.980709075927734,1.1712018251419067,0.42223298811912535,18127.4816968441,43000
326.2076110839844,0.31170889735221863,-7.472548961639404,0.030260203406214714,1.0,57.96324157714844,-51.836090087890625,904.3938598632812,5.44917631149292,4.492131233215332,-26.602611541748047,-106.99401092529297,6.852480888366699,-26.567886352539062,-107.0659408569336,0.4482417702674866,2.7020342350006104,-19.24663543701172,0.620742917060852,0.4220161316394806,18549.49786758423,44000
326.30108642578125,0.3454330861568451,-7.487100124359131,0.03389769792556763,1.0,41.11371994018555,-37.576271057128906,854.6791381835938,5.442476749420166,5.846572399139404,-28.4639949798584,-111.10961151123047,7.353633880615234,-28.251527786254883,-111.5168685913086,0.7992695569992065,3.1666018962860107,-18.500289916992188,2.262033224105835,0.42045853209495543,18969.9564306736,45000
301.7818908691406,0.3231644928455353,-7.44396448135376,0.023114310577511787,1.0,56.42487335205078,-52.2962646484375,880.1312866210938,2.756422281265259,7.576113224029541,-28.706342697143555,-110.90678405761719,8.331073760986328,-28.442890167236328,-111.0169677734375,0.8289637565612793,3.3972604274749756,-19.93379020690918,0.8113070726394653,0.4222471961975098,19392.20365834236,46000
302.0891418457031,0.2675457000732422,-7.518553256988525,0.04176121950149536,1.0,24.77897834777832,-28.200178146362305,723.0446166992188,3.3033509254455566,11.000190734863281,-29.054914474487305,-114.82159423828125,10.678309440612793,-28.86673355102539,-114.95744323730469,0.8199187517166138,3.665407180786133,-19.267946243286133,0.5880293250083923,0.42411558294296264,19816.319272518158,47000
314.0669860839844,0.2569994330406189,-7.4624128341674805,0.027726124972105026,1.0,15.747254371643066,-19.724693298339844,700.8544921875,2.672093629837036,6.894667148590088,-28.791717529296875,-113.45801544189453,7.634039878845215,-28.496170043945312,-113.37750244140625,3.1020586490631104,4.294726371765137,-19.503921508789062,13.860719680786133,0.4207550473213196,20237.0743496418,48000
273.2085876464844,0.2631435692310333,-7.533638000488281,0.045532528311014175,1.0,264.9178466796875,-264.1880187988281,3450.39892578125,23.953214645385742,10.216697692871094,-28.788177490234375,-113.2451400756836,11.475751876831055,-28.63530731201172,-113.37879943847656,6.787649631500244,3.271784782409668,-19.97966766357422,4.259450912475586,0.42181669306755065,20658.891075372696,49000
310.294921875,0.3594683110713959,-7.472639560699463,0.0302827600389719,1.0,24.9339542388916,-21.832008361816406,723.9147338867188,3.3477466106414795,7.125574588775635,-27.68932342529297,-113.59888458251953,8.361112594604492,-27.54625701904297,-116.27671813964844,0.7741257548332214,3.15155291557312,-19.778268814086914,2.1843061447143555,0.42210886693000793,21080.99998474121,50000
285.89312744140625,0.19710642099380493,-7.51544713973999,0.04098473861813545,1.0,19.26137924194336,-22.181991577148438,576.4488525390625,2.7760159969329834,9.83988094329834,-27.98133087158203,-108.1357421875,9.906087875366211,-27.7976016998291,-108.69966125488281,0.6418159604072571,3.1685850620269775,-18.70861053466797,2.258495569229126,0.42429303884506225,21505.293059825897,51000
247.00796508789062,0.2345253825187683,-7.455010890960693,0.02587573416531086,1.0,128.2213897705078,-125.64653015136719,2071.290283203125,27.73368263244629,8.267264366149902,-27.410707473754883,-112.21363067626953,8.728583335876465,-27.02347755432129,-112.30745697021484,0.4854723811149597,3.0702569484710693,-18.180334091186523,1.3902393579483032,0.4208963210582733,21926.189416646957,52000
302.7347412109375,0.299888551235199,-7.46458101272583,0.028268398717045784,1.0,7.029346466064453,-7.509841442108154,296.44476318359375,2.045828342437744,6.539419651031494,-28.838623046875,-108.1580581665039,7.014758586883545,-28.561437606811523,-108.23881530761719,2.597702980041504,2.6902050971984863,-20.32900047302246,0.5658593773841858,0.4228773257732391,22349.066778421402,53000
311.9975280761719,0.2945726811885834,-7.4733452796936035,0.03045915812253952,1.0,81.19879913330078,-85.22329711914062,1558.7349853515625,6.941843032836914,8.603327751159668,-28.358583450317383,-107.35411834716797,10.187673568725586,-28.053668975830078,-107.46881866455078,1.6957241296768188,2.8496570587158203,-19.611858367919922,0.7818034291267395,0.4211426570415497,22770.209487438202,54000
305.07232666015625,0.23604965209960938,-7.468000411987305,0.02912307158112526,1.0,72.95570373535156,-67.31257629394531,931.7241821289062,5.103729724884033,6.914689064025879,-27.73089599609375,-111.30685424804688,7.144824504852295,-27.47231674194336,-111.4196548461914,0.897813081741333,2.4849977493286133,-20.020708084106445,0.2528930902481079,0.421860764503479,23192.07029414177,55000
276.1922607421875,0.1539573073387146,-7.473872661590576,0.03059135563671589,1.0,34.24688720703125,-38.69227981567383,1325.39404296875,2.45298171043396,8.769686698913574,-27.631065368652344,-106.48637390136719,10.032383918762207,-27.424301147460938,-106.60454559326172,0.5782351493835449,3.949476718902588,-18.95975685119629,12.521145820617676,0.4227763593196869,23614.84668445587,56000
292.2126770019531,0.22757422924041748,-7.445629119873047,0.023530397564172745,1.0,90.14691925048828,-86.41427612304688,1297.650390625,5.152956962585449,9.019194602966309,-27.49151039123535,-103.82917022705078,10.02837085723877,-27.25161361694336,-103.57522583007812,0.5004838109016418,3.0404915809631348,-19.565242767333984,0.2051190435886383,0.422007052898407,24036.85378074646,57000
294.600830078125,0.24780046939849854,-7.470113277435303,0.02965134009718895,1.0,15.788729667663574,-16.767847061157227,557.3333740234375,2.4386444091796875,7.826791286468506,-27.899690628051758,-106.18453216552734,8.658013343811035,-27.652231216430664,-106.25240325927734,0.479458749294281,3.860929012298584,-20.02197265625,4.82383394241333,0.42251174902915956,24459.365582227707,58000
297.94549560546875,0.1821911484003067,-7.534643650054932,0.04578384757041931,1.0,39.174381256103516,-34.890769958496094,694.8999633789062,3.15954852104187,9.981792449951172,-29.1294002532959,-104.16769409179688,9.82158374786377,-28.912809371948242,-104.30210876464844,0.7425330281257629,3.364171028137207,-20.52969741821289,3.7950873374938965,0.42089398694038394,24880.259615182877,59000
308.4446716308594,0.3241038918495178,-7.4691267013549805,0.02940460480749607,1.0,38.54463195800781,-33.18740463256836,762.2109375,3.5246167182922363,8.53715705871582,-29.233142852783203,-103.16963195800781,11.678601264953613,-28.893949508666992,-103.10040283203125,0.5591456294059753,2.933755397796631,-21.672653198242188,0.31128448247909546,0.4206684193611145,25300.928058624268,60000
303.0783386230469,0.14430361986160278,-7.466160774230957,0.02866321988403797,1.0,250.55137634277344,-233.9212646484375,2777.91552734375,7.22115421295166,10.531756401062012,-27.1866455078125,-101.13321685791016,10.58763313293457,-26.636775970458984,-101.14425659179688,2.9362871646881104,2.564492702484131,-19.34088706970215,1.7179282903671265,0.42141830158233645,25722.346405506134,61000
308.75653076171875,0.2255183905363083,-7.448894500732422,0.024346530437469482,1.0,45.97901153564453,-43.31167221069336,1062.1817626953125,3.1439826488494873,12.767508506774902,-31.264677047729492,-103.75914001464844,14.441200256347656,-31.14987564086914,-106.17543029785156,0.6003122925758362,4.739789962768555,-23.005535125732422,5.53856086730957,0.4218417828083038,26144.188229560852,62000
297.72900390625,0.2228936105966568,-7.498476505279541,0.03674183040857315,1.0,14.27759075164795,-11.50869083404541,471.0983581542969,2.285254716873169,5.584090709686279,-30.88075065612793,-106.55921173095703,7.9212236404418945,-30.654939651489258,-106.57418823242188,0.6010453104972839,3.2977941036224365,-22.562055587768555,2.1173436641693115,0.4206468482017517,26564.835128068924,63000
315.6700439453125,0.28586503863334656,-7.484744071960449,0.03330892324447632,1.0,75.25601196289062,-62.579769134521484,1271.9404296875,5.151611804962158,10.88007926940918,-30.482955932617188,-104.65409851074219,10.948299407958984,-30.301929473876953,-104.70121765136719,0.9241146445274353,3.337512493133545,-21.59742546081543,10.03706169128418,0.42017891120910644,26985.0140709877,64000
326.74169921875,0.28874462842941284,-7.452306747436523,0.025199612602591515,1.0,66.70692443847656,-63.0543327331543,1213.082275390625,4.142814636230469,8.177860260009766,-28.855304718017578,-104.96797180175781,8.497031211853027,-28.62542724609375,-105.10128784179688,0.6031141877174377,2.699429750442505,-20.105154037475586,2.062673568725586,0.4204613256454468,27405.475454330444,65000
314.4841613769531,0.1896289885044098,-7.458531379699707,0.026755690574645996,1.0,220.39352416992188,-209.46234130859375,2992.237548828125,5.1030683517456055,8.935675621032715,-28.931047439575195,-103.75181579589844,8.37512493133545,-28.605318069458008,-103.66268920898438,1.4715656042099,3.5101470947265625,-20.22578239440918,10.405292510986328,0.4213063318729401,27826.78181743622,66000
304.18328857421875,0.2826593518257141,-7.452967166900635,0.02536478452384472,1.0,10.547414779663086,-10.726430892944336,495.0394287109375,2.8673248291015625,5.66695499420166,-30.88074493408203,-107.23492431640625,7.545173645019531,-30.737642288208008,-107.30554962158203,0.7029790878295898,4.294745445251465,-22.344341278076172,6.701128005981445,0.4209727590084076,28247.754608869553,67000
301.96044921875,0.22362208366394043,-7.457826614379883,0.026579376310110092,1.0,45.74128341674805,-38.763702392578125,632.2434692382812,4.230377674102783,7.6587677001953125,-30.33796501159668,-111.99252319335938,8.57705307006836,-30.337007522583008,-112.1142807006836,0.914914608001709,3.284017324447632,-19.887054443359375,1.5641475915908813,0.42137183356285096,28669.126471042633,68000
301.5686340332031,0.1716163009405136,-7.434544563293457,0.020759113132953644,1.0,47.7657585144043,-41.730220794677734,983.7257080078125,3.7831852436065674,6.135659694671631,-31.77431297302246,-110.54859161376953,7.556369781494141,-31.479244232177734,-110.68562316894531,0.8345178365707397,3.7320761680603027,-22.183195114135742,0.43803882598876953,0.4209128658771515,29090.03938317299,69000
315.5306091308594,0.2213757187128067,-7.449342250823975,0.02445848286151886,1.0,71.4000015258789,-61.87859344482422,3044.363037109375,14.46269702911377,6.640737056732178,-29.491437911987305,-105.453369140625,7.511435508728027,-29.190580368041992,-105.50849914550781,0.6501967310905457,3.8035385608673096,-20.0153865814209,7.532338619232178,0.4227521378993988,29512.791571378708,70000
279.3846435546875,0.3029668629169464,-7.476993083953857,0.03137139230966568,1.0,263.4881591796875,-274.64373779296875,3241.655029296875,5.974890232086182,6.927317142486572,-30.73395347595215,-105.30016326904297,7.675666809082031,-30.615428924560547,-105.35308074951172,0.6363987326622009,3.5425994396209717,-21.79441261291504,1.4054293632507324,0.42103724646568297,29933.828858613968,71000
285.8626403808594,0.32605311274528503,-7.496689319610596,0.036295320838689804,1.0,68.74143981933594,-73.33781433105469,2139.2958984375,8.68604564666748,6.624676704406738,-32.0883903503418,-104.52750396728516,9.334090232849121,-31.749975204467773,-104.57328796386719,0.6688932180404663,5.6511616706848145,-22.536386489868164,19.786653518676758,0.4215854663848877,30355.414350509644,72000
310.6210632324219,0.33545225858688354,-7.468964099884033,0.029364097863435745,1.0,11.349274635314941,-13.343528747558594,448.73046875,2.243185520172119,8.207098007202148,-28.552366256713867,-104.41195678710938,8.432671546936035,-28.30768585205078,-104.45695495605469,0.5871483683586121,3.149399995803833,-20.582670211791992,0.6067572236061096,0.4212749652862549,30776.68934392929,73000
270.09735107421875,0.2667188048362732,-7.440579414367676,0.022267822176218033,1.0,175.6880645751953,-155.89468383789062,2628.56298828125,7.930429458618164,8.082072257995605,-29.036020278930664,-103.13922882080078,8.310699462890625,-28.750587463378906,-103.17122650146484,1.5898786783218384,4.757514476776123,-20.690500259399414,15.374817848205566,0.4225781228542328,31199.26749587059,74000
315.1980895996094,0.2920978367328644,-7.50119161605835,0.03742078319191933,1.0,13.498495101928711,-15.680682182312012,514.8489990234375,2.8473386764526367,7.346694469451904,-31.6270809173584,-104.7454833984375,11.123109817504883,-31.380878448486328,-104.7933578491211,1.765012502670288,2.9742956161499023,-22.355388641357422,0.522547721862793,0.4218742699623108,31621.14181804657,75000
306.5363464355469,0.3069881200790405,-7.4669976234436035,0.02887243591248989,1.0,174.8335723876953,-163.8165283203125,1665.2889404296875,4.406152248382568,9.346624374389648,-30.08931541442871,-103.76029205322266,10.797750473022461,-29.94647216796875,-103.798583984375,0.9389654397964478,2.749600887298584,-21.232540130615234,2.6749801635742188,0.42170938086509707,32042.851231336594,76000
326.6707763671875,0.3576478362083435,-7.485106945037842,0.03339988738298416,1.0,10.48337459564209,-10.567343711853027,577.5823364257812,2.8045754432678223,8.046566009521484,-28.436567306518555,-103.3982925415039,7.681252956390381,-28.276424407958984,-103.43302154541016,0.7835180163383484,2.8559398651123047,-21.16494369506836,4.202010154724121,0.42299988913536074,32465.851152181625,77000
326.7837829589844,0.3503623902797699,-7.544412612915039,0.048226289451122284,1.0,93.0894775390625,-110.69721984863281,1598.94921875,7.233002185821533,6.386101722717285,-30.978437423706055,-97.60006713867188,7.095798492431641,-30.76996421813965,-97.8956298828125,0.8927977681159973,2.384931802749634,-20.71776580810547,2.6135897636413574,0.42170646047592164,32887.5576479435,78000
332.2006530761719,0.3324757516384125,-7.459627151489258,0.027029749006032944,1.0,37.74011993408203,-34.49681854248047,719.8580932617188,3.364957809448242,5.320887088775635,-32.383758544921875,-103.63365173339844,7.062216758728027,-32.19987106323242,-104.0093765258789,1.4947330951690674,2.8965117931365967,-23.11568832397461,1.033394694328308,0.4232812259197235,33310.838908433914,79000
316.98492431640625,0.3651959002017975,-7.452341556549072,0.02520853839814663,1.0,18.70612335205078,-15.895709037780762,466.959716796875,2.3877205848693848,6.022950172424316,-32.46706771850586,-103.37252807617188,7.368866443634033,-32.20948791503906,-103.40727996826172,0.47720474004745483,2.699066638946533,-23.565237045288086,1.5210158824920654,0.421160147190094,33731.99908256531,80000
319.1040344238281,0.28480321168899536,-7.474445343017578,0.030734319239854813,1.0,208.4678192138672,-178.51153564453125,2024.506103515625,6.713898181915283,4.988188743591309,-30.695405960083008,-102.57492065429688,5.826366424560547,-30.518360137939453,-102.60071563720703,0.8278239965438843,4.29170036315918,-20.283687591552734,21.119171142578125,0.42076337242126466,34152.76247692108,81000
331.0776672363281,0.3064303994178772,-7.4829816818237305,0.03286844864487648,1.0,174.1321258544922,-140.9146728515625,2324.017333984375,20.59361457824707,5.824466228485107,-31.822498321533203,-102.88176727294922,8.842660903930664,-31.5627498626709,-102.72081756591797,0.7255358099937439,3.692495346069336,-20.906862258911133,10.389410018920898,0.4223207049369812,34575.08321642876,82000
338.7077941894531,0.3183627128601074,-7.4578046798706055,0.026574332267045975,1.0,19.950607299804688,-22.52130126953125,489.6659851074219,3.1434340476989746,9.813560485839844,-30.960651397705078,-104.79573059082031,10.646234512329102,-30.83417320251465,-104.84423065185547,0.6215221285820007,2.0935251712799072,-22.310598373413086,1.1793878078460693,0.42081116962432863,34995.894411087036,83000
289.8525085449219,0.27613598108291626,-7.4796576499938965,0.03203767538070679,1.0,20.159936904907227,-18.89699363708496,640.3720092773438,4.665757179260254,7.880271911621094,-30.818824768066406,-103.37661743164062,8.813657760620117,-30.509010314941406,-103.41188049316406,1.0355702638626099,2.730727434158325,-20.805065155029297,0.9101756811141968,0.4230952033996582,35418.989684820175,84000
332.841552734375,0.2714259922504425,-7.448494911193848,0.024246696382761,1.0,56.351966857910156,-47.649906158447266,1183.03857421875,7.265049934387207,9.236749649047852,-30.986011505126953,-102.9096450805664,8.254278182983398,-30.73177719116211,-103.09739685058594,0.6861385703086853,2.287355422973633,-22.443756103515625,0.9394828081130981,0.4230788803100586,35842.0685942173,85000
325.5168762207031,0.2616930902004242,-7.474706172943115,0.03079955466091633,1.0,27.945877075195312,-26.680648803710938,729.71435546875,2.6815531253814697,8.600919723510742,-30.482295989990234,-101.90708923339844,7.32621431350708,-30.19642448425293,-101.92620849609375,0.49160194396972656,2.263075590133667,-21.202953338623047,1.830228328704834,0.4241726438999176,36266.24126148224,86000
315.8033142089844,0.29025617241859436,-7.4275994300842285,0.019022926688194275,1.0,41.038936614990234,-32.80756759643555,713.9907836914062,4.739899635314941,5.803328990936279,-31.04085922241211,-107.3890380859375,6.686302185058594,-30.940349578857422,-107.48563385009766,0.5629211664199829,2.586135149002075,-22.80310821533203,0.49269774556159973,0.4188834240436554,36685.12472128868,87000
319.2727966308594,0.21301938593387604,-7.437428951263428,0.021480169147253036,1.0,59.13439178466797,-53.251129150390625,952.50732421875,3.9033169746398926,5.644348621368408,-28.312278747558594,-103.7043685913086,8.131387710571289,-28.14101791381836,-102.74629974365234,0.5122048258781433,2.216140031814575,-20.342233657836914,1.3814116716384888,0.4215740888118744,37106.69885444641,88000
316.5101318359375,0.19267788529396057,-7.4598493576049805,0.027085309848189354,1.0,169.85968017578125,-169.5418243408203,2383.603515625,3.8725814819335938,8.581652641296387,-30.754846572875977,-106.7381362915039,8.359004974365234,-30.452539443969727,-106.79898834228516,3.580726146697998,3.1126487255096436,-21.961456298828125,1.6970117092132568,0.4214336359500885,37528.132524728775,89000
328.1871643066406,0.2201993465423584,-7.4644083976745605,0.028225097805261612,1.0,71.15660095214844,-82.72027587890625,919.9193115234375,5.087348937988281,7.235135078430176,-30.445627212524414,-101.12730407714844,8.505424499511719,-30.218812942504883,-101.43016052246094,0.5295314192771912,2.305295944213867,-21.138416290283203,0.3349277377128601,0.4216278576850891,37949.760405778885,90000
319.7301025390625,0.2455858737230301,-7.451411247253418,0.02497565560042858,1.0,35.14669418334961,-31.706851959228516,747.1715087890625,3.3701131343841553,7.497776508331299,-30.443025588989258,-101.87602996826172,9.772836685180664,-30.20741844177246,-101.9168930053711,0.45508015155792236,2.84101939201355,-22.064868927001953,7.351352214813232,0.42083640599250793,38370.59685969353,91000
311.9590148925781,0.10179945081472397,-7.443136215209961,0.022907130420207977,1.0,55.071044921875,-70.4817123413086,914.0823364257812,4.498637676239014,9.7816801071167,-31.427194595336914,-101.35369110107422,8.952421188354492,-31.122295379638672,-101.36671447753906,2.5584535598754883,3.1646082401275635,-21.53447914123535,6.347663879394531,0.42117125654220583,38791.76817178726,92000
291.49188232421875,0.13671889901161194,-7.452552318572998,0.025261178612709045,1.0,117.08509826660156,-97.87471008300781,1626.7822265625,11.796178817749023,5.658318042755127,-33.31052017211914,-99.27606201171875,6.389383792877197,-33.634578704833984,-100.3388442993164,1.2398481369018555,3.360104560852051,-23.44692039489746,3.2516894340515137,0.4235682418346405,39215.336466789246,93000
304.32757568359375,-0.0023993002250790596,-7.449662685394287,0.02453872561454773,1.0,16.751731872558594,-16.682418823242188,626.6968994140625,2.9406731128692627,5.349125862121582,-30.461618423461914,-102.04934692382812,5.9423909187316895,-30.305906295776367,-101.87337493896484,0.7142258882522583,2.8813021183013916,-19.89653205871582,1.3841114044189453,0.41910926151275635,39634.445776462555,94000
330.4435119628906,0.1199592798948288,-7.433965682983398,0.020614171400666237,1.0,20.88585662841797,-21.355369567871094,971.8653564453125,2.3020219802856445,6.205581188201904,-33.039512634277344,-101.8361587524414,8.72582721710205,-32.88618469238281,-101.86720275878906,1.2316888570785522,3.0598366260528564,-22.42298126220703,2.738697052001953,0.42253662133216857,40056.98242688179,95000
322.4039001464844,-0.10031896084547043,-7.470705986022949,0.02979941852390766,1.0,12.751322746276855,-16.132118225097656,711.2193603515625,2.30822491645813,8.829564094543457,-31.477460861206055,-102.18257904052734,9.609272003173828,-31.073026657104492,-102.20203399658203,2.1510560512542725,3.714209794998169,-22.223207473754883,4.4467973709106445,0.421758510351181,40478.74097299576,96000
338.5736999511719,0.1759580671787262,-7.468539714813232,0.02925759367644787,1.0,95.50498962402344,-113.7768783569336,1473.8892822265625,3.689598560333252,8.02077579498291,-31.700454711914062,-106.36620330810547,9.346012115478516,-31.514068603515625,-106.41307067871094,0.5542900562286377,2.705636978149414,-21.68121337890625,1.1950037479400635,0.4210692403316498,40899.81024646759,97000
310.5339660644531,0.14959405362606049,-7.460087299346924,0.02714509330689907,1.0,20.202964782714844,-25.799772262573242,483.3224792480469,2.8583827018737793,7.142822265625,-30.061565399169922,-100.91326141357422,7.985082626342773,-29.82959747314453,-100.92167663574219,0.5697324275970459,2.865356683731079,-21.152812957763672,0.5931202173233032,0.4222272155284882,41322.03749036789,98000
322.46173095703125,0.010145477950572968,-7.5002007484436035,0.03717305511236191,1.0,131.78134155273438,-131.12808227539062,1799.8455810546875,7.258922576904297,8.58081340789795,-30.586896896362305,-105.19993591308594,9.960729598999023,-30.32605743408203,-105.27546691894531,2.0149431228637695,2.240574836730957,-21.66532325744629,1.0216213464736938,0.41885274171829223,41740.890278577805,99000
317.74468994140625,-0.22218506038188934,-7.47289514541626,0.030346984043717384,1.0,39.05021667480469,-44.21293640136719,935.328369140625,3.753223419189453,7.282658576965332,-29.37686538696289,-103.31069946289062,7.028005599975586,-29.215015411376953,-103.34346771240234,1.8581253290176392,2.499969244003296,-20.79934310913086,1.666332483291626,0.42095824766159057,42161.848596811295,100000
339.4059143066406,0.02364841103553772,-7.473959445953369,0.03061280958354473,1.0,14.909194946289062,-13.892455101013184,724.7890625,3.0426952838897705,6.981645584106445,-32.44879913330078,-106.25595092773438,8.398591041564941,-32.193992614746094,-106.31830596923828,1.5161049365997314,2.8853678703308105,-24.504472732543945,6.190197944641113,0.4202787160873413,42582.127351760864,101000
295.3300476074219,-0.06380407512187958,-7.47603178024292,0.03113095462322235,1.0,12.771218299865723,-11.437576293945312,386.8812255859375,2.86063289642334,5.205906867980957,-30.811025619506836,-99.10015106201172,6.6128129959106445,-30.529504776000977,-99.95259094238281,1.0343821048736572,2.901642322540283,-20.756092071533203,0.5898582935333252,0.4216227457523346,43003.75012040138,102000
300.0592346191406,0.26248419284820557,-7.461832046508789,0.02758079394698143,1.0,40.06942367553711,-40.5002555847168,712.2769165039062,3.7588255405426025,5.892251491546631,-31.31023597717285,-100.61331176757812,8.751404762268066,-31.1237735748291,-100.63629150390625,0.7512096166610718,2.8878023624420166,-21.85112762451172,0.9016531705856323,0.4222454090118408,43425.99555182457,103000
318.92547607421875,0.24623513221740723,-7.45567512512207,0.026041602715849876,1.0,17.6998291015625,-15.054402351379395,429.70831298828125,2.243195056915283,7.296635627746582,-32.04860305786133,-101.8480453491211,8.905555725097656,-31.8976993560791,-101.86671447753906,0.6107429265975952,2.6638777256011963,-22.380647659301758,1.194239616394043,0.4206032738685608,43846.59885120392,104000
306.20855712890625,0.32214441895484924,-7.466794013977051,0.02882133051753044,1.0,16.514354705810547,-15.385589599609375,452.3529052734375,1.8789763450622559,6.024765968322754,-30.19027328491211,-101.78795623779297,9.80936050415039,-29.885473251342773,-101.80603790283203,0.539122998714447,3.2005631923675537,-19.729202270507812,6.749354362487793,0.4207187342643738,44267.31762385368,105000
320.26318359375,0.1585223227739334,-7.472189903259277,0.030170509591698647,1.0,155.8081512451172,-159.31398010253906,1878.3212890625,3.780564785003662,7.448076248168945,-31.405010223388672,-103.39006805419922,9.771400451660156,-31.14633560180664,-103.42436981201172,1.64583158493042,2.2826552391052246,-22.143394470214844,1.5782982110977173,0.42195394015312193,44689.271600961685,106000
323.22314453125,0.2993558645248413,-7.447050094604492,0.023885920643806458,1.0,28.61321258544922,-30.8356990814209,619.5653686523438,2.6545286178588867,8.091031074523926,-31.823612213134766,-100.36953735351562,9.900877952575684,-31.60161590576172,-100.3741226196289,0.6168308258056641,2.641909599304199,-22.989286422729492,1.0540271997451782,0.42231278252601623,45111.58440852165,107000
307.13543701171875,0.16343550384044647,-7.4708781242370605,0.029842529445886612,1.0,8.231781959533691,-9.26134967803955,387.386962890625,2.425361394882202,6.338129997253418,-32.4674186706543,-100.13945007324219,9.591005325317383,-32.21472930908203,-100.13838195800781,0.5651701092720032,2.7372772693634033,-25.604846954345703,1.6813445091247559,0.4203055522441864,45531.889984846115,108000
318.8481140136719,0.2201368659734726,-7.455601215362549,0.02602311596274376,1.0,59.61494064331055,-58.03911209106445,1126.6529541015625,3.6738319396972656,7.718982219696045,-30.404048919677734,-102.23081970214844,8.32603645324707,-30.163227081298828,-102.25334930419922,1.5662050247192383,2.55737566947937,-21.097312927246094,1.1246527433395386,0.42112461471557616,45953.014619112015,109000
319.2486267089844,0.1846810281276703,-7.444066047668457,0.023139549419283867,1.0,41.590423583984375,-68.19686126708984,1244.9793701171875,6.735033988952637,6.030440807342529,-32.97593688964844,-102.63391876220703,7.109968185424805,-32.74633026123047,-102.66057586669922,1.06947660446167,2.6194729804992676,-22.996679306030273,2.9756109714508057,0.4219235875606537,46374.93823122978,110000
293.3888244628906,0.31855472922325134,-7.4366960525512695,0.021296970546245575,1.0,23.207782745361328,-22.138322830200195,561.7880859375,2.4793877601623535,6.380674839019775,-31.96628189086914,-104.92088317871094,6.965179443359375,-31.764829635620117,-104.96039581298828,0.6749986410140991,2.754573345184326,-22.182876586914062,3.23124098777771,0.42179472756385805,46796.73298406601,111000
310.0715026855469,0.05835902690887451,-7.4383721351623535,0.02171626314520836,1.0,242.73736572265625,-255.24459838867188,3325.25390625,4.716233730316162,7.742767810821533,-31.98977279663086,-102.25408935546875,7.828945159912109,-31.564111709594727,-102.2802734375,0.827765703201294,2.475374460220337,-21.72055435180664,4.797910690307617,0.4223515012264252,47219.08451914787,112000
295.2178039550781,0.268032044172287,-7.453043460845947,0.02538393810391426,1.0,17.29551124572754,-19.00110626220703,491.91943359375,2.872410297393799,5.394502639770508,-31.734254837036133,-105.4826889038086,6.940741539001465,-31.508480072021484,-105.53809356689453,0.6086058020591736,2.3029072284698486,-20.368192672729492,0.5451875925064087,0.41979477286338807,47638.87932729721,113000
317.5787353515625,0.24852414429187775,-7.4723310470581055,0.030205758288502693,1.0,108.23812103271484,-101.41287994384766,1644.34375,7.70247220993042,7.83671236038208,-31.743356704711914,-103.48796844482422,9.325970649719238,-31.592483520507812,-103.24334716796875,0.5558863282203674,2.275358200073242,-22.462797164916992,0.6173842549324036,0.4219182813167572,48060.79763293266,114000
305.0926513671875,0.19765464961528778,-7.443136215209961,0.022907160222530365,1.0,28.2218017578125,-22.453157424926758,509.86151123046875,1.791746735572815,7.693249702453613,-31.482131958007812,-105.69868469238281,8.613362312316895,-31.203903198242188,-105.75613403320312,0.40997493267059326,3.1788036823272705,-20.482240676879883,7.476576328277588,0.42110359930992125,48481.90127015114,115000
320.6883850097656,0.2252754420042038,-7.436393737792969,0.02122139185667038,1.0,28.50100326538086,-30.802608489990234,642.6644287109375,3.047518253326416,6.781312942504883,-31.5451717376709,-103.73066711425781,7.141020774841309,-31.407451629638672,-103.76837158203125,0.7420059442520142,3.4841015338897705,-23.701642990112305,0.879054605960846,0.42177753496170045,48903.67882728577,116000
301.21630859375,0.17300398647785187,-7.4705657958984375,0.029764419421553612,1.0,14.649227142333984,-14.675434112548828,724.9072875976562,18.435426712036133,6.4860053062438965,-32.351783752441406,-103.26454162597656,6.449769973754883,-32.0379638671875,-103.29747772216797,0.5759331583976746,3.2108712196350098,-22.472003936767578,2.121159315109253,0.4225847396850586,49326.26359605789,117000
324.11224365234375,0.14865705370903015,-7.462378978729248,0.027717936784029007,1.0,14.527442932128906,-15.975479125976562,525.02978515625,2.7700376510620117,5.329598426818848,-32.90367889404297,-104.01106262207031,7.1202287673950195,-32.6826171875,-104.05160522460938,0.6332510113716125,2.7948174476623535,-23.776630401611328,0.9153458476066589,0.421657860994339,49747.92148184776,118000
330.5527038574219,0.16934187710285187,-7.449396133422852,0.024471936747431755,1.0,113.32059478759766,-98.83265686035156,1447.2596435546875,6.9103007316589355,6.30549955368042,-30.619291305541992,-106.33834838867188,7.200035095214844,-30.469472885131836,-106.40267944335938,0.3682164251804352,2.65109920501709,-22.071950912475586,1.6435378789901733,0.42215480327606203,50170.076330423355,119000
316.3442077636719,0.14342468976974487,-7.512186050415039,0.04016926512122154,1.0,30.912607192993164,-29.115461349487305,609.0047607421875,4.50938081741333,9.143939971923828,-32.942100524902344,-101.50509643554688,8.874672889709473,-32.737056732177734,-100.85615539550781,0.542219877243042,3.353959798812866,-24.227357864379883,2.9426612854003906,0.4212742028236389,50591.35056948662,120000
332.6601867675781,0.1986396163702011,-7.464384078979492,0.02821899950504303,1.0,24.09326171875,-24.288105010986328,618.5853271484375,2.4350860118865967,7.780994892120361,-30.594806671142578,-105.69097137451172,9.375362396240234,-30.34225082397461,-105.74847412109375,0.6338075995445251,2.562737464904785,-22.053691864013672,2.4217889308929443,0.42163515305519106,51012.988820552826,121000
332.5015869140625,0.06507251411676407,-7.437250137329102,0.021435506641864777,1.0,134.8790740966797,-153.09938049316406,1914.7574462890625,6.367082595825195,7.161468029022217,-32.49120330810547,-109.45336151123047,8.189266204833984,-32.226810455322266,-109.54702758789062,0.8203968405723572,2.5675041675567627,-24.42121696472168,5.329666614532471,0.4212081513404846,51434.197018146515,122000
300.2120361328125,0.121949203312397,-7.437091827392578,0.021396014839410782,1.0,142.5582733154297,-147.129638671875,2200.926513671875,12.711991310119629,7.195154666900635,-32.50822830200195,-103.5169677734375,8.998482704162598,-32.324867248535156,-103.54830169677734,2.7857742309570312,2.936058759689331,-22.32538604736328,2.9907991886138916,0.42168857645988467,51855.8856420517,123000
299.7238464355469,0.3194783329963684,-7.43396520614624,0.020614033564925194,1.0,18.162841796875,-17.252277374267578,447.7228088378906,2.4975810050964355,7.401918888092041,-30.858497619628906,-102.05757904052734,6.678349494934082,-30.658153533935547,-102.0776138305664,0.4637076258659363,2.52402925491333,-21.32085609436035,0.3249536454677582,0.42133847808837893,52277.224152565,124000
306.7104187011719,-0.08804714679718018,-7.462634086608887,0.027781527489423752,1.0,20.486108779907227,-19.934349060058594,623.5353393554688,18.686077117919922,5.723266124725342,-32.82664108276367,-99.77950286865234,6.474411964416504,-32.58677673339844,-99.7894515991211,0.4917982220649719,2.838804006576538,-24.268726348876953,2.503352642059326,0.4196026797294617,52696.82686114311,125000
320.0341491699219,0.2844408452510834,-7.457953929901123,0.026611369103193283,1.0,85.09564208984375,-82.51754760742188,822.149658203125,4.554006099700928,7.7884650230407715,-30.28129005432129,-99.78736877441406,7.512657165527344,-30.075305938720703,-99.84220123291016,0.4859330952167511,2.83748722076416,-21.757339477539062,2.550513982772827,0.4223397870063782,53119.166691064835,126000
332.46099853515625,0.07801355421543121,-7.464910507202148,0.0283505842089653,1.0,28.51244354248047,-33.2924690246582,715.1209716796875,5.686899662017822,6.247451305389404,-31.65059471130371,-104.13580322265625,6.785040378570557,-31.300683975219727,-104.32233428955078,2.093512773513794,2.4238579273223877,-22.856163024902344,1.7867858409881592,0.4208493826389313,53540.016098976135,127000
316.4775085449219,0.16663730144500732,-7.435418128967285,0.020977357402443886,1.0,11.886926651000977,-11.058449745178223,337.3518981933594,1.9200663566589355,5.967595100402832,-31.219945907592773,-107.5641098022461,8.042213439941406,-31.026432037353516,-107.64051818847656,0.623536229133606,2.812194347381592,-23.705902099609375,1.8281760215759277,0.42283210849761965,53962.84824323654,128000
310.7763977050781,0.014471262693405151,-7.462941646575928,0.027858251705765724,1.0,16.61260223388672,-15.114688873291016,445.57275390625,2.0433106422424316,7.56443452835083,-32.051002502441406,-102.12306213378906,7.261472702026367,-31.79668426513672,-101.75938415527344,1.8979732990264893,3.2654342651367188,-23.231443405151367,3.70172119140625,0.420984733581543,54383.83300232887,129000
331.07281494140625,-0.11980830878019333,-7.446396827697754,0.02372213453054428,1.0,80.5088119506836,-83.7294921875,863.198974609375,9.95314884185791,7.092310905456543,-34.07676696777344,-108.93104553222656,6.995625972747803,-33.79631805419922,-109.0212631225586,0.5833141207695007,3.2383384704589844,-24.072223663330078,1.649586796760559,0.42071487379074096,54804.547909498215,130000
318.5307922363281,0.23967702686786652,-7.458903789520264,0.026848899200558662,1.0,41.001739501953125,-46.870845794677734,785.2151489257812,2.9888181686401367,6.039185047149658,-31.835468292236328,-100.32548522949219,6.808171272277832,-31.633018493652344,-100.32876586914062,0.9015138745307922,3.078268051147461,-23.1050968170166,1.8633978366851807,0.42352642583847044,55228.0743701458,131000
324.0935363769531,0.11835726350545883,-7.442428112030029,0.022729767486453056,1.0,26.108936309814453,-31.567657470703125,687.63232421875,2.544241189956665,8.388075828552246,-31.02060317993164,-108.08541107177734,10.437567710876465,-30.765727996826172,-108.16706085205078,0.4826512336730957,2.5766828060150146,-21.06733512878418,3.2889962196350098,0.42005408501625063,55648.128492593765,132000
293.9450378417969,-0.00104104308411479,-7.433120250701904,0.020403139293193817,1.0,16.644588470458984,-16.17995262145996,639.3643188476562,19.13228416442871,7.93923807144165,-31.895776748657227,-104.06299591064453,12.008112907409668,-31.529098510742188,-104.10134887695312,0.4229016900062561,4.407408714294434,-22.096939086914062,21.646625518798828,0.4249287662506104,56073.05730032921,133000
303.25067138671875,0.02481592446565628,-7.4851837158203125,0.033418890088796616,1.0,10.844727516174316,-10.12248706817627,563.1766967773438,2.161843776702881,7.5283637046813965,-32.113075256347656,-107.56776428222656,8.036181449890137,-31.836055755615234,-107.64434051513672,0.3879297375679016,2.818358898162842,-22.725574493408203,8.767301559448242,0.42137774229049685,56494.43507385254,134000
319.8310852050781,-0.26114460825920105,-7.445501804351807,0.02349829114973545,1.0,77.54090881347656,-84.96649932861328,1279.183837890625,3.497819662094116,5.940258502960205,-32.810726165771484,-104.6946029663086,7.938596248626709,-32.66543960571289,-101.99658203125,1.1178909540176392,3.354483127593994,-22.310686111450195,1.8188438415527344,0.42275339365005493,56917.18851494789,135000
315.00408935546875,0.006455674767494202,-7.441167831420898,0.02241484820842743,1.0,52.68345260620117,-58.58476638793945,798.2892456054688,3.0161564350128174,8.044380187988281,-35.16863250732422,-100.6991958618164,11.232298851013184,-34.98627471923828,-101.07103729248047,0.5536944270133972,2.608156681060791,-24.734458923339844,1.0194778442382812,0.4217611413002014,57338.94970583916,136000
329.1194763183594,0.0218485277146101,-7.468273162841797,0.029191331937909126,1.0,84.85807800292969,-96.02091217041016,1353.41748046875,34.08341598510742,7.504200458526611,-35.132537841796875,-106.18840026855469,7.838574409484863,-34.92382049560547,-106.2507095336914,0.7625194191932678,3.314746856689453,-25.065046310424805,4.905322074890137,0.4185443835258484,57757.49412107468,137000
287.2091064453125,0.1709742695093155,-7.43845796585083,0.02173752523958683,1.0,17.34920310974121,-16.240537643432617,636.9677734375,1.8727160692214966,8.113235473632812,-30.01605796813965,-109.22576904296875,7.40722131729126,-29.885709762573242,-109.31893920898438,0.555180549621582,3.7519376277923584,-21.379962921142578,6.85549783706665,0.4179375491142273,58175.43169116974,138000
306.76153564453125,0.08223783224821091,-7.465961456298828,0.028613336384296417,1.0,48.47090148925781,-51.85227584838867,971.9966430664062,2.5378661155700684,7.518198013305664,-32.9521484375,-109.23918151855469,8.868117332458496,-32.75763702392578,-109.3324966430664,0.4171887934207916,3.835780620574951,-22.249183654785156,9.456807136535645,0.4166150510311127,58592.04680991173,139000
331.4134216308594,-0.05687360838055611,-7.437672138214111,0.02154066227376461,1.0,33.242618560791016,-31.15235137939453,646.9328002929688,3.4265122413635254,7.2703657150268555,-32.8903923034668,-108.34555053710938,8.164167404174805,-32.693359375,-108.42984771728516,0.37419986724853516,3.104714870452881,-23.520368576049805,0.3651558756828308,0.419024786233902,59011.071635723114,140000
307.003173828125,0.06480872631072998,-7.465359210968018,0.028462842106819153,1.0,29.627830505371094,-31.700454711914062,979.6595458984375,3.360905408859253,7.688562870025635,-31.16872215270996,-103.02827453613281,8.518468856811523,-31.142255783081055,-103.05535125732422,0.7034887075424194,3.2751305103302,-23.102163314819336,4.479653358459473,0.4171336851119995,59428.205345869064,141000
317.9300231933594,0.05731625109910965,-7.450101852416992,0.02464870736002922,1.0,84.07489013671875,-80.74080657958984,1505.35302734375,3.1110618114471436,5.7950263023376465,-31.932655334472656,-102.90817260742188,5.825860500335693,-31.803020477294922,-103.22876739501953,0.6335143446922302,3.8858885765075684,-22.542400360107422,9.655421257019043,0.4197470831871033,59847.95247673988,142000
314.3623352050781,0.16231811046600342,-7.466584205627441,0.02876920811831951,1.0,12.715450286865234,-15.459049224853516,629.2171020507812,1.6945741176605225,5.51888370513916,-33.48457336425781,-103.58435821533203,6.668341159820557,-33.406776428222656,-103.6205825805664,0.7216863036155701,3.2191686630249023,-23.876365661621094,2.47829270362854,0.4212980580329895,60269.25057578087,143000
323.169189453125,-0.012254435569047928,-7.428889751434326,0.019345611333847046,1.0,30.04672622680664,-27.725208282470703,858.8516235351562,2.560743808746338,7.124898910522461,-34.88125228881836,-103.4230728149414,6.655181884765625,-34.68020248413086,-101.49811553955078,0.5304962396621704,3.31256365776062,-25.366912841796875,4.492515563964844,0.4189547626972199,60688.20538330078,144000
290.1422119140625,0.174390509724617,-7.426106929779053,0.018649861216545105,1.0,46.7379150390625,-49.71247100830078,785.351318359375,5.657735824584961,5.558856010437012,-31.79206657409668,-101.86186981201172,6.653749465942383,-31.642152786254883,-101.55414581298828,0.4719550907611847,3.0123915672302246,-22.74824333190918,1.7399734258651733,0.41852623534202577,61106.73165011406,145000
309.6910400390625,-0.1709260642528534,-7.459043502807617,0.026883941143751144,1.0,7.557168960571289,-6.3962626457214355,365.0321960449219,1.544769048690796,6.918863773345947,-32.99724197387695,-106.81501770019531,9.946046829223633,-32.747528076171875,-103.0867919921875,0.4900348484516144,2.519979953765869,-23.513320922851562,3.943746566772461,0.41749674916267393,61524.22842812538,146000
331.6990966796875,0.08216451853513718,-7.465678691864014,0.028542669489979744,1.0,25.801353454589844,-26.669504165649414,742.3399658203125,4.254662036895752,7.582582473754883,-34.829586029052734,-108.2168960571289,8.727076530456543,-34.706504821777344,-108.29988098144531,0.7275245189666748,3.2424354553222656,-24.800735473632812,5.274998188018799,0.41937394976615905,61943.6024017334,147000
327.0353698730469,0.09804327040910721,-7.4426188468933105,0.0227777399122715,1.0,52.13275909423828,-45.49275207519531,878.93408203125,2.5168113708496094,5.075381278991699,-34.35573196411133,-108.40129852294922,5.647069454193115,-34.209815979003906,-108.48353576660156,0.4726886749267578,3.0946903228759766,-24.079526901245117,4.65682315826416,0.4195873954296112,62363.18982028961,148000
328.19720458984375,0.0189020037651062,-7.442985534667969,0.022869156673550606,1.0,79.70763397216797,-45.20792770385742,1298.6243896484375,5.395108699798584,6.293636322021484,-34.942317962646484,-104.72927856445312,6.871591567993164,-34.7134895324707,-104.38377380371094,0.6541929244995117,4.006115436553955,-23.95638656616211,5.05158805847168,0.41870220804214475,62781.89208269119,149000
326.3644104003906,-0.10926715284585953,-7.456299781799316,0.026197893545031548,1.0,18.987735748291016,-19.986040115356445,596.7689208984375,1.934661865234375,7.444385528564453,-31.360628128051758,-112.07443237304688,7.124307155609131,-31.043212890625,-112.19633483886719,0.4131803512573242,2.8468596935272217,-22.80282974243164,0.8198169469833374,0.4188237960338593,63200.715913534164,150000
329.3163757324219,-0.11335162073373795,-7.468775272369385,0.029316749423742294,1.0,32.40339660644531,-29.719985961914062,643.13720703125,2.9913833141326904,10.000442504882812,-35.2143440246582,-114.36199188232422,9.867780685424805,-35.13822937011719,-114.5070571899414,0.6713002920150757,3.3085105419158936,-23.815534591674805,1.9415006637573242,0.41731043672561646,63618.02639102936,151000
320.5821228027344,-0.15343375504016876,-7.459956645965576,0.02711220271885395,1.0,17.16971778869629,-16.14084243774414,402.9195556640625,2.5444600582122803,7.229214668273926,-35.078041076660156,-111.46702575683594,7.669604301452637,-34.898616790771484,-111.58279418945312,0.7281369566917419,3.327695369720459,-25.379005432128906,4.224969863891602,0.4177027955055237,64035.72921180725,152000
292.59600830078125,0.07150175422430038,-7.451218128204346,0.024927623569965363,1.0,12.26008415222168,-11.76576042175293,460.52557373046875,2.862525463104248,7.223992347717285,-33.57164001464844,-109.70515441894531,7.906593322753906,-33.32208251953125,-109.80984497070312,2.525400400161743,4.229918956756592,-23.958322525024414,1.906278371810913,0.41758195781707763,64453.311201334,153000
310.18170166015625,0.0540568083524704,-7.466614246368408,0.028776785358786583,1.0,8.472984313964844,-7.486360549926758,370.1456604003906,1.7181990146636963,9.04794692993164,-31.88604164123535,-109.79225158691406,11.043424606323242,-31.74287223815918,-109.88916778564453,0.5046994686126709,4.028590202331543,-23.188241958618164,1.055580973625183,0.4201963367462158,64873.50756454468,154000
288.4193115234375,0.0042859758250415325,-7.454254150390625,0.025686442852020264,1.0,8.234549522399902,-9.66853141784668,302.6886901855469,1.6095318794250488,5.840487480163574,-35.479522705078125,-110.96638488769531,6.998712539672852,-35.3289680480957,-111.07725524902344,0.4750385582447052,4.112926006317139,-25.95901107788086,0.3265730142593384,0.4187697639465332,65292.277359724045,155000
315.3599853515625,-0.12909981608390808,-7.446070194244385,0.02364026941359043,1.0,43.95832443237305,-42.02381896972656,806.0559692382812,3.8104300498962402,9.534209251403809,-36.26014709472656,-102.58311462402344,10.262838363647461,-35.988590240478516,-102.59546661376953,0.9784173965454102,4.824118137359619,-26.399072647094727,0.8491809964179993,0.4191566863059998,65711.43407869339,156000
337.6839599609375,0.03284582868218422,-7.456022262573242,0.026128407567739487,1.0,16.41510009765625,-16.449264526367188,765.0860595703125,2.7475273609161377,7.963108539581299,-35.624176025390625,-103.12742614746094,8.320633888244629,-35.48243713378906,-103.15895080566406,0.7631054520606995,4.267312526702881,-23.7264461517334,6.104389190673828,0.4196114156246185,66131.04551911354,157000
320.88372802734375,-0.29703062772750854,-7.460261344909668,0.027188483625650406,1.0,20.296865463256836,-22.305509567260742,487.7406921386719,2.3974640369415283,5.828530788421631,-35.40570068359375,-111.45420837402344,7.669731140136719,-35.176910400390625,-111.56980895996094,0.45534831285476685,3.609835624694824,-26.351774215698242,2.581862449645996,0.4179037621021271,66548.94930815697,158000
322.7922668457031,0.11879593878984451,-7.417559623718262,0.01651286706328392,1.0,48.61728286743164,-42.28181457519531,1546.779052734375,5.390475273132324,6.889958381652832,-35.41394805908203,-112.69205474853516,8.220072746276855,-35.28099822998047,-112.82025146484375,0.8634913563728333,3.7108235359191895,-26.104351043701172,7.240262985229492,0.4193472402095795,66968.29659032822,159000
291.6142272949219,0.14677022397518158,-7.451152801513672,0.024911224842071533,1.0,35.50248718261719,-28.860069274902344,604.6566162109375,4.758153438568115,6.235287666320801,-33.001007080078125,-101.30608367919922,7.276479721069336,-32.85210418701172,-101.31927490234375,0.9105619788169861,3.6153945922851562,-22.382354736328125,1.7227540016174316,0.41817071771621706,67386.46735906601,160000
323.1784362792969,0.2718479633331299,-7.443765640258789,0.023064246401190758,1.0,24.024932861328125,-21.672334671020508,521.266357421875,4.288986682891846,6.935493469238281,-33.157711029052734,-106.06916046142578,7.5597100257873535,-32.99101257324219,-106.1861343383789,0.6863059401512146,3.6384458541870117,-22.97709846496582,0.9456700682640076,0.41744976353645324,67803.91716694832,161000
298.6833190917969,0.09667603671550751,-7.437921524047852,0.021603472530841827,1.0,219.753173828125,-205.77642822265625,1779.0850830078125,10.998980522155762,6.093493461608887,-36.089637756347656,-108.03858184814453,7.465709686279297,-35.87967300415039,-108.11967468261719,0.4476274847984314,3.8795480728149414,-24.078428268432617,0.3519360423088074,0.4194331343173981,68223.35032582283,162000
313.5238342285156,0.030976714566349983,-7.442448616027832,0.02273496799170971,1.0,20.16489028930664,-20.651046752929688,522.478759765625,2.203669309616089,7.096752166748047,-32.6444091796875,-110.21929931640625,8.238325119018555,-32.37754440307617,-110.321533203125,0.5922113060951233,3.5897114276885986,-23.441926956176758,2.3194048404693604,0.41843602633476257,68641.78639554977,163000
307.2704162597656,-0.12096332013607025,-7.449617385864258,0.024527383968234062,1.0,10.353262901306152,-11.461089134216309,526.8941650390625,2.5475032329559326,6.902039051055908,-33.7629508972168,-108.88542938232422,7.78240966796875,-33.60083770751953,-108.97586059570312,0.7030844688415527,4.414644241333008,-24.101587295532227,1.130185842514038,0.4179431631565094,69059.72958755493,164000
324.4780578613281,0.033212222158908844,-7.489434719085693,0.03448183089494705,1.0,60.709556579589844,-104.62577819824219,1375.689453125,2.9945342540740967,11.091215133666992,-34.285606384277344,-112.47610473632812,14.323034286499023,-34.02159881591797,-112.60210418701172,0.6547917127609253,4.35489559173584,-23.214969635009766,5.290787696838379,0.4177296352386475,69477.45926094055,165000
318.08966064453125,-0.09455491602420807,-7.459325313568115,0.026954524219036102,1.0,20.851476669311523,-18.39830207824707,440.53076171875,1.9273401498794556,8.078707695007324,-35.149574279785156,-110.01123046875,10.048620223999023,-34.88780975341797,-107.6897964477539,1.4588903188705444,4.205710411071777,-22.970996856689453,3.6032514572143555,0.41914818572998047,69896.60747528076,166000
328.2694091796875,-0.03458372503519058,-7.516139984130859,0.04115823283791542,1.0,18.695234298706055,-24.52451515197754,606.2681884765625,1.807602882385254,6.551582336425781,-32.84108352661133,-106.82554626464844,7.743559837341309,-32.63875961303711,-106.11432647705078,0.40877673029899597,3.6815381050109863,-22.706562042236328,1.5361034870147705,0.41882888722419737,70315.43640494347,167000
340.1336364746094,0.2376088798046112,-7.4208083152771,0.017325032502412796,1.0,15.020866394042969,-13.769072532653809,357.173583984375,2.102825880050659,6.004079341888428,-32.544742584228516,-111.31285858154297,7.8295464515686035,-32.33367919921875,-111.4266586303711,0.4223457872867584,3.7661643028259277,-21.387054443359375,1.6600899696350098,0.41863956689834597,70734.07600283623,168000
315.009765625,0.2941426634788513,-7.446640491485596,0.023783227428793907,1.0,30.431364059448242,-28.579408645629883,651.107666015625,1.999809980392456,8.915966033935547,-33.74819564819336,-116.63951110839844,7.90446662902832,-33.630096435546875,-116.80778503417969,0.6746647953987122,4.230751991271973,-24.70890235900879,1.9961910247802734,0.41855388593673704,71152.629925251,169000
317.9789123535156,-0.20184192061424255,-7.453193187713623,0.025421349331736565,1.0,12.911458015441895,-14.577117919921875,448.605224609375,2.977428913116455,7.335461139678955,-32.639915466308594,-109.36270141601562,7.810744285583496,-32.48325729370117,-109.45570373535156,2.0682647228240967,4.008312225341797,-23.981216430664062,2.0865907669067383,0.41686430048942563,71569.49425435066,170000
320.3641357421875,-0.1500876396894455,-7.469480991363525,0.02949315682053566,1.0,38.13408660888672,-38.501747131347656,1075.02001953125,3.7194480895996094,7.072836875915527,-34.8916015625,-105.85555267333984,8.565519332885742,-34.66804885864258,-106.60914611816406,0.6154162883758545,4.586447715759277,-23.920612335205078,5.479475498199463,0.4178197686672211,71987.314057827,171000
342.5731201171875,0.02603825181722641,-7.450991153717041,0.02487066760659218,1.0,14.858492851257324,-16.975830078125,581.9334716796875,2.5953996181488037,6.977715015411377,-34.47677993774414,-106.01484680175781,7.432133197784424,-34.35545349121094,-106.10292053222656,0.6224271059036255,4.702261447906494,-24.147228240966797,2.9766993522644043,0.4176053810119629,72404.91948628426,172000
321.7275085449219,-0.039509594440460205,-7.46011209487915,0.027150990441441536,1.0,17.141197204589844,-12.922484397888184,385.9324035644531,1.7087821960449219,6.652842998504639,-35.49182891845703,-116.9036636352539,12.648838996887207,-35.33399200439453,-117.074462890625,0.6460029482841492,4.672187805175781,-23.694795608520508,1.9624446630477905,0.4191395528316498,72824.05908679962,173000
315.8817138671875,-0.10565356910228729,-7.473677158355713,0.03054206259548664,1.0,25.045623779296875,-18.209266662597656,568.874267578125,2.382378101348877,7.051636695861816,-34.46041488647461,-117.81507110595703,8.714448928833008,-34.265869140625,-117.99507141113281,0.26478731632232666,4.339061260223389,-24.07624626159668,1.5231316089630127,0.4195450165271759,73243.60412430763,174000
333.0470886230469,0.12349123507738113,-7.438930988311768,0.021855680271983147,1.0,107.33187103271484,-96.12569427490234,1118.453857421875,3.926828622817993,6.272317409515381,-34.38923645019531,-114.6386947631836,9.452801704406738,-34.17018127441406,-114.78721618652344,0.6000009179115295,4.761536598205566,-23.286684036254883,2.353971004486084,0.41842607808113097,73662.03022670746,175000
309.15826416015625,0.08765240758657455,-7.468864440917969,0.029338907450437546,1.0,17.602848052978516,-18.120634078979492,422.29742431640625,1.8644905090332031,10.341737747192383,-32.362449645996094,-115.74540710449219,10.159370422363281,-32.232421875,-115.95889282226562,0.5147787928581238,5.007069110870361,-22.402372360229492,2.791110038757324,0.417633172750473,74079.66344356537,176000
337.34442138671875,-0.3120092749595642,-7.468168258666992,0.029164977371692657,1.0,331.0601501464844,-320.7377624511719,4203.3349609375,4.766487121582031,6.312001705169678,-34.81467819213867,-119.50957489013672,8.186108589172363,-34.56171798706055,-119.7069320678711,0.7441840767860413,4.579741954803467,-24.40997886657715,2.6977553367614746,0.419098646402359,74498.7621254921,177000
331.63525390625,-0.014853530563414097,-7.439755439758301,0.02206203155219555,1.0,44.18076705932617,-38.1920051574707,769.0054931640625,4.364240646362305,6.738823890686035,-33.820343017578125,-119.3988037109375,7.796072483062744,-33.81188201904297,-119.59478759765625,0.4990435838699341,4.1463165283203125,-23.98636245727539,1.1678924560546875,0.418734224319458,74917.4964003563,178000
295.7167663574219,0.29962342977523804,-7.436614513397217,0.02127663418650627,1.0,56.73164367675781,-62.622066497802734,1374.8057861328125,11.683154106140137,11.708366394042969,-32.6964225769043,-119.77320098876953,12.08480453491211,-32.4799919128418,-119.95757293701172,2.6798434257507324,5.025081634521484,-23.699859619140625,10.837471008300781,0.41731580591201783,75334.81225204468,179000
333.017822265625,-0.0076062921434640884,-7.472153663635254,0.030161231756210327,1.0,12.284073829650879,-14.526473999023438,381.56488037109375,1.8412834405899048,5.354586124420166,-33.9397087097168,-115.73086547851562,6.502048015594482,-33.74948501586914,-115.88957214355469,0.5496257543563843,4.327347278594971,-24.400907516479492,1.356788158416748,0.41880833196640016,75753.62063121796,180000
322.9473876953125,0.22904281318187714,-7.455480575561523,0.025993064045906067,1.0,61.81938171386719,-53.1264762878418,960.4032592773438,2.8919079303741455,5.468326091766357,-33.76295471191406,-115.22456359863281,5.367514133453369,-33.53240203857422,-115.36834716796875,0.5307506322860718,4.021659851074219,-25.064151763916016,1.3375000953674316,0.4152099747657776,76168.83065104485,181000
307.89691162109375,-0.47688865661621094,-7.446202754974365,0.02367364428937435,1.0,26.69218635559082,-30.498538970947266,632.4791870117188,4.448332786560059,6.1743011474609375,-34.874568939208984,-113.8272705078125,5.794217586517334,-34.691490173339844,-113.97592163085938,0.6207831501960754,3.757817268371582,-25.16688346862793,5.643261909484863,0.41661346006393435,76585.44415950775,182000
318.8946838378906,-0.044084273278713226,-7.448818683624268,0.024327626451849937,1.0,216.12046813964844,-193.25698852539062,2755.986328125,59.054466247558594,7.711938858032227,-32.65793991088867,-121.1180648803711,8.29333209991455,-32.39241027832031,-121.33143615722656,2.6506388187408447,4.387853622436523,-22.900924682617188,9.851354598999023,0.41682091808319094,77002.26512956619,183000
319.5762023925781,0.053887855261564255,-7.426127910614014,0.018654827028512955,1.0,10.25341796875,-9.027886390686035,527.8167114257812,1.8703689575195312,8.735885620117188,-34.10633087158203,-117.96986389160156,10.57546615600586,-33.928165435791016,-118.15139770507812,0.3304731547832489,4.520019054412842,-22.806270599365234,4.474274635314941,0.4166051070690155,77418.87026548386,184000
294.4627990722656,0.06248381361365318,-7.451766490936279,0.025064850226044655,1.0,18.93888282775879,-17.835586547851562,456.9607849121094,1.6415684223175049,6.715993881225586,-32.95699691772461,-122.41470336914062,6.6344146728515625,-32.78607177734375,-122.6410903930664,1.0418989658355713,3.555128574371338,-22.04364013671875,1.3334462642669678,0.4159579062461853,77834.82822489738,185000
326.1911926269531,-0.23759888112545013,-7.4432454109191895,0.022934291511774063,1.0,78.91569519042969,-64.3143539428711,760.1857299804688,3.393969774246216,6.660862445831299,-35.364192962646484,-103.12462615966797,9.712568283081055,-35.260860443115234,-103.15612030029297,0.3695225119590759,3.7117927074432373,-24.631290435791016,1.4286531209945679,0.41577706098556516,78250.60531139374,186000
319.8369140625,-0.12551887333393097,-7.455079555511475,0.02589266747236252,1.0,13.097715377807617,-14.946894645690918,381.8499755859375,1.8082916736602783,6.358371734619141,-32.8881721496582,-116.6799545288086,8.481973648071289,-32.79489517211914,-116.84475708007812,0.4797433912754059,3.472024917602539,-23.75918960571289,0.880041241645813,0.4166364185810089,78667.24176502228,187000
317.3321533203125,-0.027457334101200104,-7.445225238800049,0.023429282009601593,1.0,29.184358596801758,-31.64422035217285,617.5200805664062,22.021915435791016,7.213988304138184,-33.66098403930664,-126.23112487792969,6.951197624206543,-33.36056900024414,-126.49615478515625,0.49177053570747375,4.476476192474365,-23.47488021850586,3.5039408206939697,0.418175290107727,79085.41708302498,188000
328.6805725097656,-0.19421692192554474,-7.450189113616943,0.02467043697834015,1.0,26.266796112060547,-24.391952514648438,538.5371704101562,2.2504920959472656,7.320682525634766,-35.80756378173828,-111.46464538574219,8.02428913116455,-35.69857406616211,-111.68222045898438,0.538285493850708,4.647741317749023,-26.735475540161133,2.756466865539551,0.41748127365112303,79502.89839363098,189000
333.1958312988281,-0.05627405270934105,-7.444900035858154,0.023348242044448853,1.0,19.169918060302734,-19.81568145751953,368.0591125488281,2.430711030960083,8.18899154663086,-34.80354309082031,-123.96437072753906,8.476716995239258,-34.68056106567383,-124.20571899414062,0.5864295959472656,3.9344327449798584,-24.539918899536133,0.379430890083313,0.41792923665046694,79920.82766985893,190000
332.839599609375,0.13176849484443665,-7.473681926727295,0.030543554574251175,1.0,9.921126365661621,-8.496328353881836,429.60980224609375,2.098851203918457,6.9989705085754395,-34.62191390991211,-121.14685821533203,6.817187309265137,-34.44367218017578,-121.35974884033203,0.5965770483016968,4.605672836303711,-24.42618179321289,5.277866363525391,0.4174447319507599,80338.27244973183,191000
333.743408203125,0.09644076973199844,-7.483691215515137,0.03304598107933998,1.0,53.78398513793945,-50.004905700683594,1378.5521240234375,3.470317840576172,6.494626998901367,-35.68474197387695,-116.8501968383789,6.6331892013549805,-35.54016876220703,-115.86345672607422,0.5927495360374451,4.588501930236816,-25.383821487426758,8.480152130126953,0.4162831521034241,80754.55566191673,192000
344.6479187011719,-0.06325405836105347,-7.467496395111084,0.02899683453142643,1.0,120.06373596191406,-130.26394653320312,1349.122314453125,2.3595468997955322,6.212542533874512,-35.29065704345703,-127.82998657226562,6.984891891479492,-35.036659240722656,-128.1111297607422,0.9822778701782227,4.424948215484619,-25.94094467163086,7.038202285766602,0.41762459254264833,81172.18028473854,193000
322.0873718261719,-0.45559996366500854,-7.4441022872924805,0.023148633539676666,1.0,17.134531021118164,-17.089710235595703,491.16192626953125,2.343355178833008,6.467477798461914,-35.7691535949707,-125.62286376953125,6.176889419555664,-35.70226287841797,-125.88178253173828,0.5882925987243652,4.479546070098877,-27.040470123291016,0.901508092880249,0.4195124385356903,81591.69349002838,194000
325.6883850097656,0.031793586909770966,-7.436105251312256,0.021149341017007828,1.0,70.93443298339844,-88.10232543945312,1366.7891845703125,10.644798278808594,7.505380630493164,-35.08039855957031,-125.29776000976562,9.203044891357422,-34.95069122314453,-125.55278015136719,0.47961288690567017,3.898655891418457,-25.408353805541992,1.3207083940505981,0.4185994367599487,82010.29294800758,195000
309.2488708496094,-0.23120489716529846,-7.474745750427246,0.03080938570201397,1.0,50.72026443481445,-47.45740509033203,633.7615356445312,2.7131576538085938,5.4630656242370605,-37.19872283935547,-126.07197570800781,6.754566192626953,-37.06584930419922,-126.33531951904297,0.6625182032585144,4.744467735290527,-27.351348876953125,3.551243305206299,0.4155614924430847,82425.8544743061,196000
329.0082702636719,-0.05895734578371048,-7.435062408447266,0.020888492465019226,1.0,18.540424346923828,-17.31366539001465,528.0,1.980542778968811,5.788154602050781,-35.19527053833008,-118.18636322021484,6.992593288421631,-35.04467010498047,-118.37013244628906,0.5497683882713318,4.260444641113281,-24.312509536743164,5.107270240783691,0.4178597445487976,82843.71423864365,197000
316.0589599609375,-0.005215654149651527,-7.443981170654297,0.0231182798743248,1.0,20.19525909423828,-20.36507797241211,595.765869140625,2.1631972789764404,5.691776275634766,-36.75354766845703,-126.3497543334961,7.089393615722656,-36.59977722167969,-126.61592102050781,0.5253684520721436,4.214112758636475,-25.22765350341797,2.0983474254608154,0.4177357430458069,83261.4500105381,198000
304.7877197265625,-0.01074064988642931,-7.452390193939209,0.025220293551683426,1.0,37.684322357177734,-40.361122131347656,863.0993041992188,5.769197463989258,7.06641149520874,-35.161014556884766,-121.59642791748047,8.970924377441406,-34.998512268066406,-121.81023406982422,0.8937905430793762,3.408731698989868,-24.484317779541016,4.402475833892822,0.3858783490657806,83647.32841348648,199000
342.2422180175781,0.20321431756019592,-7.479569911956787,0.032015610486269,1.0,28.187496185302734,-29.430580139160156,724.2341918945312,3.33284068107605,6.610729694366455,-36.49448776245117,-125.40169525146484,7.845884799957275,-36.39501953125,-125.71924591064453,0.6509133577346802,4.270419597625732,-24.82066535949707,1.4601187705993652,0.3037638137340546,83951.09225487709,200000
